Date;ITUB4 BZ Equity;CIEL3 BZ Equity;ABEV3 BZ Equity;PETR4 BZ Equity;VALE5 BZ Equity
1/4/2010;;;;;
1/5/2010;0.65;-0.70;-0.41;-0.86;1.40
1/6/2010;-0.87;-0.25;0.43;1.35;1.97
1/7/2010;-1.03;2.37;-0.30;-0.93;0.67
1/8/2010;-1.51;-1.25;0.23;-0.54;0.55
1/11/2010;-0.87;-1.41;-0.43;-0.33;0.44
1/12/2010;-0.93;-3.01;1.28;-1.28;0.22
1/13/2010;0.31;-1.17;1.62;-0.16;1.44
1/14/2010;-1.38;1.34;2.47;-1.74;-0.28
1/15/2010;-1.69;0.13;-2.73;0.23;-0.52
1/18/2010;0.88;1.04;-0.16;2.24;1.22
1/19/2010;-0.26;-1.56;1.10;-0.47;1.18
1/20/2010;-2.64;-2.84;-2.83;-2.56;-1.78
1/21/2010;-1.83;0.60;-0.19;-3.16;-3.56
1/22/2010;1.15;4.49;0.86;1.23;-2.26
1/26/2010;0.25;-0.71;-1.95;-2.45;-2.63
1/27/2010;-1.43;-1.31;-0.28;0.62;-1.50
1/28/2010;2.99;0.34;0.57;1.47;0.45
1/29/2010;-2.06;-1.00;-1.72;-1.27;-0.02
2/1/2010;1.92;-0.47;0.06;0.38;3.46
2/2/2010;1.33;1.28;2.38;-0.59;0.14
2/3/2010;-0.43;3.24;1.29;-0.17;-0.32
2/4/2010;-3.85;-3.91;-3.46;-5.11;-5.22
2/5/2010;-2.55;-3.79;-3.66;-2.41;-1.09
2/8/2010;-0.29;-2.99;-0.72;0.70;1.10
2/9/2010;4.47;1.65;0.40;1.58;2.38
2/10/2010;0.55;-0.91;0.96;1.24;-0.07
2/11/2010;1.76;0.98;2.33;2.21;1.90
2/12/2010;-0.03;-1.32;-1.62;1.32;-0.61
2/17/2010;2.16;-1.06;5.84;1.33;3.63
2/18/2010;0.32;3.59;0.00;1.28;2.05
2/19/2010;-1.58;-0.90;0.00;-0.98;-0.22
2/22/2010;-1.07;0.22;-0.72;0.87;-1.57
2/23/2010;-1.67;0.00;-1.51;-1.33;-1.35
2/24/2010;-1.11;0.00;0.00;-0.73;1.00
2/25/2010;-0.03;-2.17;0.23;1.30;0.72
2/26/2010;2.52;1.13;-0.80;0.67;-0.22
3/1/2010;0.20;3.18;0.25;0.92;0.45
3/2/2010;1.62;0.69;1.47;0.54;1.88
3/3/2010;0.00;-1.36;0.28;0.08;-0.33
3/4/2010;-0.13;1.30;-1.27;0.15;1.46
3/5/2010;0.54;1.44;-1.80;1.73;2.94
3/8/2010;-0.05;-0.13;-0.29;-0.31;-0.30
3/9/2010;1.24;0.00;-0.62;2.24;0.97
3/10/2010;0.42;0.47;0.27;1.37;-1.28
3/11/2010;0.27;0.79;-0.87;0.13;-0.81
3/12/2010;-1.61;-1.12;-0.06;0.03;-0.58
3/15/2010;0.59;-1.19;-0.88;-0.78;0.63
3/16/2010;0.64;4.21;0.95;1.20;2.42
3/17/2010;-0.92;-0.20;0.88;-0.16;-0.38
3/18/2010;-0.80;7.59;0.00;-0.35;-0.65
3/19/2010;-0.40;5.09;-1.42;-2.13;-1.14
3/22/2010;1.48;1.68;-0.45;0.03;1.11
3/23/2010;-0.82;-0.46;-0.26;-1.16;2.60
3/24/2010;-2.12;0.22;-1.15;0.75;-0.11
3/25/2010;1.21;-2.05;0.54;-2.46;-0.68
3/26/2010;1.78;-0.56;0.98;-1.99;0.79
3/29/2010;1.49;-1.56;-0.65;1.16;1.87
3/30/2010;1.02;1.91;0.32;-0.29;0.18
3/31/2010;1.17;1.20;-1.65;1.70;0.00
4/1/2010;0.54;1.20;-0.30;1.02;0.81
4/5/2010;0.64;-1.47;1.17;0.72;-0.32
4/6/2010;-1.26;-2.99;0.46;0.20;0.36
4/7/2010;-0.90;-3.40;-0.18;-0.78;0.46
4/8/2010;3.57;2.88;-0.12;0.03;1.49
4/9/2010;0.30;-2.18;1.72;-1.62;0.18
4/12/2010;-1.37;-0.64;-0.18;-2.38;-0.57
4/13/2010;-0.30;3.21;0.98;-0.58;0.39
4/14/2010;0.56;0.00;1.33;0.18;0.77
4/15/2010;-0.15;-0.39;1.06;-1.90;0.55
4/16/2010;-3.13;0.39;-1.10;-1.93;-1.23
4/19/2010;-1.15;0.49;-0.58;1.82;-0.67
4/20/2010;0.90;0.87;0.58;2.24;-1.63
4/22/2010;-0.92;4.81;0.42;-1.28;0.57
4/23/2010;0.14;-2.09;1.90;1.17;-0.87
4/26/2010;-1.29;-0.84;0.00;-2.03;-0.53
4/27/2010;-3.34;0.24;-2.90;-3.63;-4.94
4/28/2010;2.54;0.29;-2.25;0.91;-0.60
4/29/2010;1.81;0.91;1.72;1.94;3.35
4/30/2010;-0.27;-0.13;0.29;-0.67;-2.76
5/3/2010;0.30;0.72;0.33;-3.96;-2.54
5/4/2010;-2.65;-2.65;0.87;-3.37;-4.85
5/5/2010;-0.33;1.15;-0.86;-0.76;2.43
5/6/2010;-1.20;-1.91;0.46;-1.32;-2.33
5/7/2010;-0.27;1.09;0.69;-0.20;-0.05
5/10/2010;4.29;1.57;1.05;1.35;4.63
5/11/2010;-1.38;1.90;0.87;-1.76;-1.66
5/12/2010;-0.19;2.73;1.20;0.95;0.00
5/13/2010;-1.48;0.85;-0.13;0.33;-1.58
5/14/2010;-1.64;-2.75;-1.02;0.30;-3.00
5/17/2010;-0.14;3.98;1.22;-0.80;-1.84
5/18/2010;-2.53;-13.90;-0.35;-2.11;-3.87
5/19/2010;-5.12;-1.61;-1.64;-2.29;-2.50
5/20/2010;-1.05;-2.23;-2.91;-3.93;-3.85
5/21/2010;1.98;3.28;2.94;0.55;7.44
5/24/2010;-1.73;-0.63;0.06;-0.84;-1.21
5/25/2010;-2.46;-2.43;0.21;-2.21;1.00
5/26/2010;3.36;-0.25;-2.43;1.88;-1.47
5/27/2010;1.81;3.76;2.48;2.81;6.29
5/28/2010;-0.56;-0.53;-0.47;1.40;-0.36
5/31/2010;3.28;0.19;-0.04;4.97;2.22
6/1/2010;-1.98;2.35;-0.25;-3.21;-2.05
6/2/2010;2.83;0.26;0.97;1.57;2.14
6/4/2010;-2.03;-2.22;0.19;0.51;-4.66
6/7/2010;-3.03;2.90;1.39;0.93;-2.62
6/8/2010;1.81;-0.24;-0.17;0.47;1.08
6/9/2010;-0.92;-1.15;0.19;-0.37;0.40
6/10/2010;2.69;4.42;1.02;1.18;1.98
6/11/2010;1.48;-0.13;-0.17;-0.94;1.07
6/14/2010;-1.60;2.76;0.55;-1.92;0.10
6/15/2010;2.45;0.65;1.12;-0.17;1.20
6/16/2010;0.31;0.00;1.05;2.24;-0.95
6/17/2010;-0.45;-0.05;0.32;-0.44;-1.39
6/18/2010;0.45;-0.24;-0.05;-0.10;-1.34
6/21/2010;0.42;-2.50;1.96;-0.31;2.90
6/22/2010;-0.42;-0.97;0.26;-0.98;-0.67
6/23/2010;0.48;-0.48;0.75;-2.10;1.25
6/24/2010;-3.16;-1.54;-2.60;-3.55;-2.00
6/25/2010;0.73;2.83;0.94;1.53;1.63
6/28/2010;-0.26;-2.02;1.22;-1.76;-2.17
6/29/2010;-4.11;-1.25;-1.32;-2.15;-4.83
6/30/2010;-1.78;-4.21;-3.53;0.11;-2.87
7/1/2010;4.63;-1.25;-0.51;-1.53;0.71
7/2/2010;0.94;-0.80;0.55;1.21;-0.47
7/5/2010;-2.42;-3.10;-1.10;-0.86;-1.06
7/6/2010;2.39;6.31;2.81;1.92;0.93
7/7/2010;5.87;3.33;0.54;1.29;2.64
7/8/2010;2.23;0.89;-0.30;0.66;0.15
7/12/2010;0.35;-0.58;-0.95;-1.27;-1.74
7/13/2010;0.32;3.78;0.38;0.26;0.57
7/14/2010;-0.72;-1.09;0.29;0.00;-0.65
7/15/2010;-0.22;1.10;1.48;-0.70;-0.97
7/16/2010;-2.51;-2.30;0.53;-1.00;-1.08
7/19/2010;2.30;-0.30;0.76;0.41;2.61
7/20/2010;0.84;-2.55;-0.65;2.60;6.23
7/21/2010;-0.32;-1.08;-0.26;-0.54;0.61
7/22/2010;2.72;1.02;1.45;1.74;1.75
7/23/2010;1.05;-0.95;-0.61;-0.68;0.81
7/26/2010;0.23;-0.65;-0.32;0.39;-0.26
7/27/2010;-0.23;-0.58;0.21;0.29;-0.36
7/28/2010;2.34;0.27;1.46;-0.64;1.31
7/29/2010;0.08;0.39;-0.31;-0.22;0.05
7/30/2010;0.41;2.54;0.31;0.40;0.35
8/2/2010;0.33;-0.33;-0.36;2.85;3.35
8/3/2010;-3.05;1.72;-0.62;2.25;-0.09
8/4/2010;-1.71;-0.25;-0.26;0.89;-0.27
8/5/2010;0.18;-1.12;-0.54;0.31;0.36
8/6/2010;1.16;-0.77;-2.08;-1.16;-0.05
8/9/2010;0.39;0.78;0.09;-0.89;0.16
8/10/2010;-0.47;0.62;-0.14;-1.46;-1.25
8/11/2010;-1.58;-0.43;-0.88;-3.20;-2.80
8/12/2010;0.48;-1.20;0.58;0.11;0.80
8/13/2010;0.16;0.05;-0.25;0.47;0.40
8/16/2010;0.47;0.97;2.13;-0.18;1.14
8/17/2010;0.66;-0.33;1.68;2.50;1.36
8/18/2010;-0.23;-1.26;0.99;-2.19;0.70
8/19/2010;-1.18;-0.91;0.33;-3.25;-0.86
8/20/2010;-0.22;0.58;-0.69;0.00;-1.25
8/23/2010;-0.69;-0.12;-0.10;-0.45;-2.42
8/24/2010;-1.71;-0.46;-0.52;-1.95;-2.29
8/25/2010;-0.06;-2.01;-1.58;-0.23;-0.97
8/26/2010;-2.48;-2.91;-0.11;-1.46;-0.56
8/27/2010;4.23;4.63;1.45;3.35;3.07
8/30/2010;-1.21;-1.88;-0.70;-4.18;-2.98
8/31/2010;2.91;-0.34;3.36;2.40;1.79
9/1/2010;1.33;1.67;0.68;3.72;4.52
9/2/2010;-1.07;-0.39;-0.39;2.11;-1.04
9/3/2010;-0.13;-2.11;-0.46;4.35;-0.30
9/6/2010;-0.92;1.75;-0.31;1.00;-0.49
9/8/2010;-0.13;0.00;1.56;-4.33;-1.88
9/9/2010;-0.48;0.27;-0.29;-0.83;0.14
9/10/2010;-0.21;1.50;0.96;-0.29;-0.77
9/13/2010;3.52;-0.12;0.02;2.84;2.63
9/14/2010;1.43;0.65;1.84;-5.13;-0.66
9/15/2010;0.59;0.47;1.94;-1.49;0.57
9/16/2010;-0.96;-2.15;0.27;-0.34;-0.57
9/17/2010;-0.52;0.14;-1.54;0.30;-1.04
9/20/2010;0.78;2.94;2.53;2.49;1.86
9/21/2010;-1.56;0.73;-2.48;-2.77;0.19
9/22/2010;0.68;-0.14;1.45;-1.40;1.57
9/23/2010;0.77;-2.05;-0.43;3.16;0.18
9/24/2010;-0.77;-2.35;-1.32;-1.87;2.83
9/27/2010;0.13;0.77;2.42;0.76;2.10
9/28/2010;0.90;2.45;0.85;0.75;0.66
9/29/2010;1.82;-1.66;1.55;3.00;0.44
9/30/2010;1.79;-0.14;-1.20;-0.77;0.43
10/1/2010;0.84;0.41;1.44;0.77;0.97
10/4/2010;0.12;0.19;1.20;-0.44;0.02
10/5/2010;2.50;2.58;1.18;-1.46;1.24
10/6/2010;-0.88;-3.30;0.94;-4.15;0.21
10/7/2010;0.19;0.36;0.47;-2.17;0.11
10/8/2010;2.19;2.76;1.80;2.77;-0.40
10/11/2010;-0.75;-0.38;-0.21;-0.58;0.21
10/13/2010;1.16;0.78;3.69;-0.54;0.51
10/14/2010;-0.73;-0.58;0.55;2.84;0.96
10/15/2010;0.99;-1.26;0.52;-0.57;0.49
10/18/2010;0.54;-1.61;0.44;0.42;2.77
10/19/2010;-2.00;-2.03;-0.87;-4.24;-2.08
10/20/2010;0.97;1.72;0.01;-1.14;2.54
10/21/2010;-1.27;-1.02;1.30;-3.32;-1.97
10/22/2010;0.91;-2.49;1.07;0.21;-0.19
10/25/2010;0.26;0.78;1.67;1.49;0.54
10/26/2010;-0.23;1.34;-3.31;5.21;1.45
10/27/2010;-2.03;2.84;-1.76;1.32;-0.98
10/28/2010;-0.96;-1.69;0.90;0.27;-1.68
10/29/2010;0.87;0.21;3.50;-1.56;-0.31
11/1/2010;1.91;1.16;-0.22;2.48;1.24
11/3/2010;-0.31;-2.44;-1.92;2.47;-0.21
11/4/2010;2.66;0.27;1.82;1.85;2.30
11/5/2010;0.51;-1.64;0.98;-0.91;-0.06
11/8/2010;0.09;1.32;0.86;1.03;0.89
11/9/2010;-2.69;0.63;-3.06;-1.49;-0.14
11/10/2010;1.16;1.93;0.58;0.04;0.32
11/11/2010;-1.98;-1.02;-0.64;-1.51;0.28
11/12/2010;0.00;0.62;-0.22;-3.25;-1.76
11/16/2010;-2.02;0.34;-0.04;-1.74;-1.75
11/17/2010;-0.12;0.67;1.55;0.20;0.12
11/18/2010;1.00;0.74;2.06;1.77;2.36
11/19/2010;1.01;-0.80;0.43;-0.77;0.22
11/22/2010;-1.55;-2.55;1.21;-2.49;-0.53
11/23/2010;-2.64;-0.34;-2.58;-1.63;-2.23
11/24/2010;0.87;1.72;0.12;2.39;2.70
11/25/2010;-0.18;0.00;-0.24;-1.54;-0.51
11/26/2010;-0.91;-2.31;-0.50;-1.01;-1.48
11/29/2010;-1.25;3.15;-1.07;0.40;-0.04
11/30/2010;-0.88;0.60;-1.48;-0.45;-1.03
12/1/2010;1.97;0.67;1.50;2.73;2.56
12/2/2010;0.35;0.40;0.35;0.56;0.55
12/3/2010;-1.54;2.14;3.32;1.18;0.91
12/6/2010;-0.91;-1.63;-0.71;0.62;0.56
12/7/2010;0.33;-0.86;-1.18;-1.97;-0.06
12/8/2010;-0.95;-1.13;1.06;-1.38;-1.89
12/9/2010;-1.38;-4.92;-0.70;1.60;0.43
12/10/2010;0.00;-0.57;0.84;1.18;1.09
12/13/2010;0.29;0.22;0.36;0.82;1.84
12/14/2010;0.44;0.00;0.13;-0.31;-0.37
12/15/2010;-0.57;-1.08;1.90;-1.78;-0.77
12/16/2010;-0.80;-2.14;-0.01;-0.08;-0.87
12/17/2010;0.94;-0.37;0.81;2.33;-0.08
12/20/2010;-2.19;-2.30;0.52;-1.43;-0.12
12/21/2010;2.31;1.28;3.07;0.78;1.10
12/22/2010;2.33;-0.21;-0.85;0.59;-0.20
12/23/2010;-0.25;-0.31;0.33;0.11;-0.40
12/27/2010;-1.73;-1.57;-0.06;1.17;-1.90
12/28/2010;-0.05;0.54;-1.35;2.34;-1.63
12/29/2010;2.23;1.50;0.49;1.16;0.43
12/30/2010;0.76;0.37;0.99;1.18;-0.02
1/3/2011;0.30;1.13;1.36;-1.06;2.89
1/4/2011;0.80;-2.36;-0.22;-0.37;1.86
1/5/2011;1.50;-0.59;-1.45;1.19;1.44
1/6/2011;-2.36;-0.77;-0.13;-0.41;-0.46
1/7/2011;-2.45;-0.84;-1.07;-1.40;-0.82
1/10/2011;0.80;1.31;0.50;0.93;0.30
1/11/2011;0.62;-1.43;-0.31;0.63;0.80
1/12/2011;2.63;-0.08;-2.70;2.76;1.87
1/13/2011;-2.19;-1.47;-1.63;-2.11;-0.32
1/14/2011;0.61;1.25;-1.85;0.88;0.58
1/17/2011;-1.41;-0.77;1.77;-0.37;1.21
1/18/2011;-1.28;1.10;-3.29;0.98;1.04
1/19/2011;-1.09;-0.32;-0.42;-1.51;-1.37
1/20/2011;-2.44;-0.99;-0.63;-0.11;-1.06
1/21/2011;0.03;-2.65;-2.22;-0.81;0.75
1/24/2011;0.73;1.91;2.76;-0.19;0.44
1/26/2011;-1.42;1.98;2.12;-0.63;-0.53
1/27/2011;0.41;-0.38;-0.22;0.15;-0.69
1/28/2011;-2.18;-3.10;-2.77;-0.75;-2.02
1/31/2011;-1.93;-1.05;-1.35;1.58;-0.12
2/1/2011;1.47;-0.97;-0.78;2.03;1.73
2/2/2011;-0.95;-4.74;0.70;0.58;-1.39
2/3/2011;-1.03;-2.64;-1.01;0.83;0.10
2/4/2011;-2.77;2.72;-1.76;-1.46;-1.58
2/7/2011;1.02;2.15;0.64;-1.45;-0.14
2/8/2011;2.99;-3.44;0.68;-0.96;-0.81
2/9/2011;-2.35;-4.00;-2.50;-2.89;-2.44
2/10/2011;-0.57;3.52;-1.62;0.35;0.45
2/11/2011;3.89;1.05;3.63;0.50;1.55
2/14/2011;0.74;0.61;-0.09;1.33;1.85
2/15/2011;1.76;0.09;1.60;0.82;-0.89
2/16/2011;2.24;3.10;1.91;1.26;0.64
2/17/2011;0.95;7.08;0.55;-0.22;0.30
2/18/2011;-0.44;3.11;1.32;0.44;-0.73
2/21/2011;-1.55;-0.75;-0.46;0.11;-2.07
2/22/2011;-2.19;1.13;-2.15;1.35;-1.83
2/23/2011;0.49;1.12;-2.65;3.38;1.96
2/24/2011;-0.92;1.57;-1.06;-1.18;0.00
2/25/2011;-0.44;-2.35;0.65;0.81;0.02
2/28/2011;1.90;-1.57;1.33;-0.07;0.69
3/1/2011;-2.13;-3.80;2.37;-1.02;-1.51
3/2/2011;0.36;3.64;3.74;2.16;1.25
3/3/2011;2.45;1.82;-2.28;0.21;0.28
3/4/2011;0.33;0.31;-0.89;0.41;-1.11
3/9/2011;-2.03;3.36;-0.67;-1.82;-2.89
3/10/2011;-3.84;0.64;0.64;-1.51;-3.30
3/11/2011;2.47;1.15;1.83;0.18;1.48
3/14/2011;0.48;2.71;-1.09;0.39;-0.21
3/15/2011;1.20;0.47;-0.49;-0.85;-1.67
3/16/2011;-2.37;-4.66;-2.07;-0.93;-2.53
3/17/2011;-0.54;1.04;-0.11;1.08;2.73
3/18/2011;2.13;0.45;1.23;-0.64;1.98
3/21/2011;0.03;-0.22;0.38;0.83;0.11
3/22/2011;3.28;2.83;0.87;1.27;-0.42
3/23/2011;-1.05;-1.31;0.53;1.02;1.48
3/24/2011;0.14;1.69;-0.97;-0.67;-0.99
3/25/2011;0.03;1.08;-0.34;0.74;-0.04
3/28/2011;-0.03;-2.43;-1.80;-1.01;-0.87
3/29/2011;-0.71;-1.69;0.75;0.00;1.85
3/30/2011;2.85;2.53;2.65;0.07;-0.55
3/31/2011;3.43;0.51;0.12;0.49;0.68
4/1/2011;-0.12;3.33;2.95;0.81;-0.55
4/4/2011;-0.87;1.05;-1.47;-0.46;2.35
4/5/2011;0.05;-0.97;1.37;-0.84;0.13
4/6/2011;-0.34;-5.11;-0.92;-0.70;-0.91
4/7/2011;0.16;3.02;-0.65;-0.61;-0.92
4/8/2011;-2.08;-1.22;-0.33;0.04;0.02
4/11/2011;-0.75;-1.30;0.04;-1.86;-0.21
4/12/2011;-0.51;0.00;-1.34;-3.06;-1.90
4/13/2011;0.05;0.44;-0.51;-1.88;-1.10
4/14/2011;-0.97;-1.02;3.29;-0.65;1.10
4/15/2011;0.38;0.30;0.00;2.12;-0.35
4/18/2011;-0.78;1.47;1.08;-3.92;-0.99
4/19/2011;1.55;0.07;2.46;0.94;1.17
4/20/2011;1.72;-1.16;-0.12;2.18;1.68
4/25/2011;-0.34;-0.37;1.35;-0.42;0.56
4/26/2011;1.06;1.99;1.56;0.08;0.07
4/27/2011;-1.36;0.58;0.69;-1.76;-1.11
4/28/2011;-2.71;5.38;-0.27;-1.13;-0.47
4/29/2011;1.28;-1.02;0.76;1.09;0.04
5/2/2011;-1.45;2.27;1.42;0.51;-1.76
5/3/2011;-3.42;-2.59;-1.94;-1.09;-1.48
5/4/2011;0.14;-0.07;-0.30;-0.51;-1.64
5/5/2011;1.13;11.18;3.13;-3.36;1.39
5/6/2011;2.38;2.75;1.36;-1.06;-0.27
5/9/2011;0.30;-1.51;-1.73;1.61;0.22
5/10/2011;1.82;-2.29;-0.39;0.33;0.14
5/11/2011;-1.47;-0.83;-1.04;-2.71;-3.01
5/12/2011;-0.52;-0.90;-0.14;-0.55;-0.28
5/13/2011;-2.51;-1.31;-0.98;-0.68;-1.81
5/16/2011;-0.98;-0.78;-0.81;1.79;-0.29
5/17/2011;0.34;1.81;1.66;1.92;1.19
5/18/2011;-2.22;-1.86;-1.36;-1.23;0.38
5/19/2011;-0.17;-0.46;-0.20;-1.91;1.52
5/20/2011;-0.27;-1.49;-0.10;1.48;0.67
5/23/2011;-0.43;0.07;-0.09;-1.62;-0.11
5/24/2011;2.10;4.25;-0.10;1.06;0.98
5/25/2011;-1.05;1.90;-0.05;0.21;-0.18
5/26/2011;3.22;-1.51;-0.54;1.25;1.66
5/27/2011;-0.47;0.00;0.59;0.37;0.38
5/30/2011;-0.42;-0.75;-0.82;-0.86;-0.36
5/31/2011;0.81;0.75;-0.21;0.04;0.11
6/1/2011;-1.14;0.51;-0.81;-0.37;-0.80
6/2/2011;0.96;1.17;-0.20;-0.21;0.52
6/3/2011;0.25;0.09;2.24;-0.71;-0.49
6/6/2011;-2.31;-0.63;-0.69;-2.44;-0.92
6/7/2011;1.51;-0.38;0.31;-0.86;0.02
6/8/2011;-0.51;-1.37;1.50;0.87;-0.02
6/9/2011;-0.76;2.02;0.95;2.15;0.86
6/10/2011;-0.57;0.00;-1.69;0.09;-0.90
6/13/2011;-0.29;-0.86;-1.31;-1.65;-1.50
6/14/2011;1.33;0.46;1.98;1.16;0.25
6/15/2011;0.96;-0.27;-1.06;-1.27;-0.55
6/16/2011;-0.62;-1.94;-0.51;-0.04;-1.13
6/17/2011;-1.10;-1.93;-0.72;-0.22;-0.16
6/20/2011;0.60;0.13;2.16;-0.60;1.38
6/21/2011;-0.77;0.13;1.09;0.60;0.81
6/22/2011;0.77;-0.39;-0.44;0.09;0.46
6/24/2011;-0.57;0.81;0.08;-1.68;0.57
6/27/2011;0.03;-0.93;1.01;0.92;-0.13
6/28/2011;2.97;0.00;0.34;1.60;1.04
6/29/2011;0.91;0.92;1.41;-0.30;-0.20
6/30/2011;0.19;1.83;-0.23;1.45;0.52
7/1/2011;0.12;0.69;1.96;0.13;4.46
7/4/2011;0.88;0.06;-0.29;0.21;0.90
7/5/2011;-0.11;-0.75;0.96;-1.01;-1.53
7/6/2011;-1.49;-0.08;-0.38;-0.21;-0.04
7/7/2011;-2.10;0.02;-1.25;0.51;0.43
7/8/2011;-2.12;1.67;-1.55;-0.80;-0.88
7/11/2011;-3.69;-0.68;-1.58;-1.24;-1.06
7/12/2011;-2.60;0.03;-1.59;-0.13;0.24
7/13/2011;0.64;2.65;0.38;1.17;1.45
7/14/2011;-2.96;-0.17;0.20;-1.88;-1.25
7/15/2011;-0.31;-0.71;-2.23;0.18;0.17
7/18/2011;-0.91;0.47;1.06;-1.00;0.37
7/19/2011;2.38;0.82;1.23;-0.48;0.22
7/20/2011;0.72;0.57;-1.10;-1.20;-0.52
7/21/2011;1.36;1.06;-0.52;2.77;0.22
7/22/2011;0.03;-1.29;0.45;-0.13;0.33
7/25/2011;-2.07;1.06;-2.24;2.31;0.19
7/26/2011;-1.77;3.01;-1.47;0.68;-0.19
7/27/2011;-1.97;-2.91;-2.01;-0.30;-0.67
7/28/2011;0.29;2.80;1.97;-0.38;0.92
7/29/2011;1.26;1.89;-2.37;0.00;-1.43
8/1/2011;-0.09;0.58;-0.22;0.00;-0.06
8/2/2011;-5.80;0.35;1.12;-1.40;-1.71
8/3/2011;-2.12;0.69;0.54;-2.96;-2.66
8/4/2011;-3.11;-2.27;-3.77;-7.36;-5.39
8/5/2011;0.89;0.38;3.48;-2.27;-2.49
8/8/2011;-9.72;-4.59;-4.65;-7.58;-9.17
8/9/2011;6.86;0.00;4.30;2.68;5.09
8/10/2011;-2.33;-1.22;0.20;3.03;0.26
8/11/2011;3.34;-0.25;4.89;2.43;4.29
8/12/2011;1.87;-0.50;1.97;0.45;-0.14
8/15/2011;2.20;-0.87;2.24;3.39;1.76
8/16/2011;-1.38;-1.73;2.28;-1.09;-0.25
8/17/2011;3.00;0.22;0.10;0.53;1.38
8/18/2011;-4.05;-1.13;-0.39;-2.73;-4.96
8/19/2011;-3.72;0.71;1.17;-2.96;-2.58
8/22/2011;-1.32;-0.02;-0.96;-0.26;0.54
8/23/2011;0.77;-0.21;3.69;2.59;2.91
8/24/2011;-0.57;-0.16;-0.37;0.35;0.23
8/25/2011;0.91;0.93;-0.39;-1.82;-1.01
8/26/2011;2.48;2.04;-1.85;0.20;1.88
8/29/2011;1.47;1.14;2.61;2.96;1.92
8/30/2011;1.99;-0.12;1.17;0.29;0.68
8/31/2011;2.30;0.99;2.50;1.22;1.52
9/1/2011;6.81;2.69;-0.57;1.15;0.84
9/2/2011;-2.63;0.12;-0.06;-3.18;-1.56
9/5/2011;-3.97;0.16;-1.27;-1.67;-1.66
9/6/2011;1.77;-0.67;0.06;2.20;2.47
9/8/2011;1.23;2.59;0.28;0.93;1.84
9/9/2011;-2.93;-0.23;-1.52;-2.47;-1.16
9/12/2011;-1.77;-0.28;0.69;0.95;0.86
9/13/2011;-0.96;1.41;0.61;-0.10;0.68
9/14/2011;0.93;0.92;1.47;0.98;1.42
9/15/2011;1.66;1.23;0.11;0.14;1.35
9/16/2011;1.91;1.03;0.36;0.49;0.65
9/19/2011;-0.85;0.11;2.02;0.73;1.35
9/20/2011;-0.28;0.67;0.84;-0.96;0.96
9/21/2011;-0.31;-0.07;-0.02;0.00;-1.25
9/22/2011;-3.92;-1.50;-1.81;-5.34;-4.30
9/23/2011;-1.15;-2.67;-0.29;-1.75;-1.39
9/26/2011;2.19;0.81;0.09;3.24;-1.22
9/27/2011;4.14;-0.33;-0.80;-1.17;0.79
9/28/2011;-0.31;0.00;0.89;-1.02;-0.59
9/29/2011;0.69;-0.63;0.64;0.26;-1.18
9/30/2011;-0.85;-0.42;0.90;-1.54;-2.17
10/3/2011;-1.27;-0.51;-1.18;-3.61;-2.50
10/4/2011;-1.22;-0.86;0.72;0.76;-1.05
10/5/2011;1.69;1.63;1.26;-1.83;2.25
10/6/2011;1.91;2.39;-0.89;3.51;1.55
10/7/2011;-1.23;0.31;0.11;-2.92;-2.52
10/10/2011;3.94;3.16;1.14;3.33;3.24
10/11/2011;1.89;0.00;-0.60;1.32;1.72
10/13/2011;1.14;-0.95;0.60;1.20;1.79
10/14/2011;1.13;0.73;0.00;1.29;0.56
10/17/2011;-0.31;0.25;0.79;-1.73;-3.54
10/18/2011;0.32;1.21;1.67;0.78;0.16
10/19/2011;1.91;0.03;1.03;-1.13;-2.86
10/20/2011;-1.25;-0.03;-0.01;-2.13;-1.27
10/21/2011;1.93;0.11;0.23;2.39;1.78
10/24/2011;2.27;1.00;-0.30;2.65;5.94
10/25/2011;-2.76;0.99;0.25;0.76;-0.95
10/26/2011;1.74;0.43;-0.59;0.75;2.49
10/27/2011;3.07;-1.12;-2.01;4.29;2.36
10/28/2011;-1.46;0.27;0.05;3.05;-0.02
10/31/2011;-1.12;-0.65;0.25;-1.20;-2.11
11/1/2011;-1.80;1.01;0.80;-0.89;-0.98
11/3/2011;1.15;1.94;0.00;3.74;3.22
11/4/2011;0.37;0.74;0.03;0.82;1.32
11/7/2011;-0.06;-0.43;-0.61;2.63;0.92
11/8/2011;-0.16;0.53;-0.66;-1.19;-0.45
11/9/2011;-2.52;-0.13;1.40;-4.24;-1.58
11/10/2011;-1.04;0.66;-0.70;0.23;-0.43
11/11/2011;1.40;0.84;1.01;2.09;1.32
11/14/2011;0.25;1.16;0.07;0.73;-0.43
11/16/2011;0.66;0.82;1.19;0.87;0.74
11/17/2011;-3.76;-3.56;-1.36;-2.67;-2.20
11/18/2011;-1.52;-2.17;-0.59;1.07;-0.24
11/21/2011;-1.44;-0.95;-0.46;0.23;-0.24
11/22/2011;-0.27;-0.19;0.00;-0.55;-0.66
11/23/2011;-1.23;0.59;0.70;-0.51;-2.52
11/24/2011;0.40;1.27;1.22;0.46;0.00
11/25/2011;-0.57;0.25;-0.08;-3.04;-2.13
11/28/2011;2.81;0.22;1.20;2.33;1.28
11/29/2011;-0.79;0.38;1.20;-0.42;-1.65
11/30/2011;5.98;2.86;0.90;2.99;0.46
12/1/2011;3.96;0.84;2.83;2.13;0.69
12/2/2011;0.36;-3.21;-0.51;0.05;1.55
12/5/2011;1.59;-0.73;-0.16;1.95;1.48
12/6/2011;0.44;0.75;1.73;1.52;0.08
12/7/2011;-0.15;0.00;1.09;-0.13;-3.63
12/8/2011;-0.21;0.00;0.88;-3.31;-1.43
12/9/2011;1.10;0.53;0.28;2.22;1.61
12/12/2011;-1.17;-0.53;0.31;-2.61;-1.46
12/13/2011;-0.15;0.00;1.58;0.00;0.03
12/14/2011;-0.74;-0.85;-0.48;-2.68;-1.45
12/15/2011;-1.49;0.34;1.40;-1.42;-1.19
12/16/2011;0.60;0.34;-0.06;-0.97;-0.24
12/19/2011;-0.60;0.98;0.90;-0.85;-1.76
12/20/2011;2.42;0.49;0.81;4.64;3.64
12/21/2011;0.00;-0.55;-1.31;-0.81;0.08
12/22/2011;1.77;1.38;-0.38;1.05;1.39
12/23/2011;0.84;-1.04;0.94;0.32;0.65
12/26/2011;-0.55;0.00;-0.74;-0.22;-0.64
12/27/2011;0.29;0.53;0.89;0.13;0.31
12/28/2011;-2.27;0.20;-0.15;-3.46;-2.60
12/29/2011;1.38;0.74;1.07;0.28;0.02
1/2/2012;0.15;0.30;0.44;1.11;2.86
1/3/2012;2.50;0.38;-1.33;3.98;4.04
1/4/2012;0.11;0.34;-3.42;0.71;0.79
1/5/2012;-0.74;-1.43;-0.88;-1.15;-2.52
1/6/2012;0.75;-0.62;0.21;0.09;-0.76
1/9/2012;0.63;0.40;-0.58;1.35;0.10
1/10/2012;1.31;0.54;-0.18;1.19;0.03
1/11/2012;0.14;1.09;0.55;0.04;0.76
1/12/2012;0.22;-0.25;0.23;0.74;-1.13
1/13/2012;-0.65;0.70;0.00;-0.13;-1.04
1/16/2012;0.68;0.95;1.10;2.61;0.90
1/17/2012;0.59;1.30;1.02;0.63;4.10
1/18/2012;2.20;0.97;0.34;2.40;0.54
1/19/2012;0.57;1.82;0.03;-0.66;-0.20
1/20/2012;0.40;0.55;-0.98;0.04;-0.14
1/23/2012;-1.89;-0.44;-0.50;3.76;0.14
1/24/2012;-1.81;0.10;0.46;1.08;1.29
1/26/2012;1.56;-0.97;0.09;-1.89;-0.84
1/27/2012;-0.52;0.19;-1.97;-1.00;0.22
1/30/2012;-1.69;1.38;0.25;-0.41;0.75
1/31/2012;-1.07;0.48;0.22;0.00;2.55
2/1/2012;1.69;0.09;1.70;1.55;2.01
2/2/2012;0.00;3.57;-0.12;-1.68;0.30
2/3/2012;0.39;1.89;0.51;0.33;0.34
2/6/2012;0.62;-1.83;-0.92;1.02;0.20
2/7/2012;0.94;4.22;-0.67;2.98;0.12
2/8/2012;2.20;-0.51;-1.04;-0.67;-0.73
2/9/2012;-0.67;0.07;0.81;0.28;-0.62
2/10/2012;-1.76;-1.78;-0.08;-7.85;-1.73
2/13/2012;3.17;0.00;1.49;3.66;2.58
2/14/2012;-1.25;1.36;-0.39;-4.72;-1.94
2/15/2012;-1.57;1.13;-0.54;-0.47;-1.87
2/16/2012;0.25;6.24;2.35;3.37;0.66
2/17/2012;0.47;-1.85;1.50;0.71;-0.87
2/22/2012;-0.90;-1.34;-1.00;-0.67;-0.02
2/23/2012;-0.63;1.12;-0.02;0.13;1.95
2/24/2012;-0.28;2.13;2.61;2.34;0.40
2/27/2012;-1.08;-0.51;0.80;-0.53;-1.09
2/28/2012;2.72;1.35;-0.21;-0.08;0.94
2/29/2012;0.60;1.66;1.03;-0.08;-0.93
3/1/2012;2.29;1.72;0.23;2.35;1.06
3/2/2012;1.34;0.85;1.17;1.69;0.82
3/5/2012;-1.46;1.57;0.25;-2.81;-2.91
3/6/2012;-3.36;-0.67;-0.68;-3.41;-4.45
3/7/2012;2.09;-2.32;2.94;0.96;-0.05
3/8/2012;3.19;-0.49;1.52;0.46;-0.12
3/9/2012;1.58;0.11;2.32;-1.58;-0.42
3/12/2012;-1.58;-0.63;1.26;-1.18;-1.15
3/13/2012;1.16;-0.24;0.91;4.27;5.37
3/14/2012;0.39;-0.15;-0.44;1.64;-1.18
3/15/2012;0.18;-0.92;-1.28;-2.46;0.85
3/16/2012;0.34;0.24;-0.94;0.54;1.08
3/19/2012;-0.26;0.63;1.85;0.66;0.12
3/20/2012;-1.51;0.00;1.11;-0.47;-0.83
3/21/2012;-0.58;-1.67;0.33;-0.66;-0.34
3/22/2012;-2.79;0.35;1.68;-1.29;-2.07
3/23/2012;-0.95;-0.25;0.36;-0.42;-0.22
3/26/2012;1.76;2.25;3.66;2.15;1.21
3/27/2012;0.08;0.94;-1.25;-1.69;0.85
3/28/2012;-2.62;0.46;-4.36;-1.72;-1.67
3/29/2012;-1.03;-0.29;0.67;-0.30;0.84
3/30/2012;-1.96;1.46;-0.80;0.13;1.12
4/2/2012;1.10;2.76;2.05;-0.52;2.63
4/3/2012;-1.56;-0.75;-0.13;-2.93;-1.67
4/4/2012;-3.08;2.17;-2.60;-3.50;-1.82
4/5/2012;-2.02;0.95;-0.46;1.10;0.10
4/9/2012;-1.52;-1.40;-0.27;-1.86;-0.85
4/10/2012;-2.03;0.33;0.98;-1.85;-1.10
4/11/2012;-0.28;0.15;2.82;0.75;0.07
4/12/2012;3.81;0.78;1.10;3.09;6.07
4/13/2012;-3.88;0.00;0.89;-1.55;0.12
4/16/2012;-0.73;-4.84;-0.98;-0.74;-1.30
4/17/2012;0.16;0.00;1.74;0.33;1.97
4/18/2012;-0.61;-1.70;1.95;0.83;0.45
4/19/2012;0.73;0.24;0.51;-1.43;-0.40
4/20/2012;2.19;-2.12;1.72;0.05;-0.33
4/23/2012;-1.37;3.81;-0.97;-0.84;-0.55
4/24/2012;-1.07;-0.24;-0.79;-0.18;0.00
4/25/2012;-5.88;0.92;0.87;-0.52;-1.46
4/26/2012;0.03;7.06;-0.07;0.52;1.68
4/27/2012;0.30;0.14;-0.23;-1.46;-0.67
4/30/2012;1.01;2.70;-1.80;1.72;-0.12
5/2/2012;-2.48;2.09;-0.19;3.34;0.85
5/3/2012;-0.14;-1.88;0.45;-2.73;-0.62
5/4/2012;-1.37;-1.22;-2.11;-4.30;-2.65
5/7/2012;0.69;0.09;2.03;0.49;-0.13
5/8/2012;0.17;-0.30;-1.50;-1.55;-2.52
5/9/2012;-1.48;3.49;-1.31;-0.50;-0.38
5/10/2012;0.04;1.88;-0.47;-1.19;0.00
5/11/2012;1.33;1.34;-1.01;-1.96;-3.11
5/14/2012;-2.11;-2.23;0.32;-2.22;-1.68
5/15/2012;0.29;-0.85;0.53;-2.17;-0.43
5/16/2012;-2.35;-2.46;-0.58;4.33;-2.95
5/17/2012;-2.73;-0.98;-0.28;-4.46;-3.66
5/18/2012;0.51;-2.73;-0.32;3.47;2.65
5/21/2012;5.49;-1.40;-0.04;6.98;3.22
5/22/2012;-0.42;-1.46;1.03;-3.38;-1.14
5/23/2012;-0.14;-2.63;-2.57;-2.44;1.01
5/24/2012;-1.41;-1.81;0.39;-2.76;-1.30
5/25/2012;1.21;2.65;-0.67;-0.32;-1.62
5/28/2012;0.28;3.06;0.42;0.80;1.04
5/29/2012;-0.95;-0.79;0.45;0.32;1.38
5/30/2012;-0.53;-0.71;0.27;-2.65;-0.41
5/31/2012;4.20;2.45;1.25;4.26;0.74
6/1/2012;-2.41;-0.46;-4.77;-1.73;-1.63
6/4/2012;-1.50;0.46;-1.39;1.65;-0.28
6/5/2012;-1.53;1.92;-0.49;-1.63;-0.19
6/6/2012;4.19;2.34;4.77;1.54;2.95
6/8/2012;-0.59;-0.60;-1.34;-1.10;0.87
6/11/2012;1.01;0.32;-0.89;-2.60;-1.18
6/12/2012;1.72;1.58;1.60;1.14;2.25
6/13/2012;0.17;-2.06;-0.15;1.62;0.48
6/14/2012;0.07;-0.70;0.41;-3.86;-0.11
6/15/2012;2.13;-2.16;0.27;2.09;1.43
6/18/2012;-0.66;2.24;2.45;1.89;0.81
6/19/2012;1.59;3.16;2.08;3.97;2.58
6/20/2012;-1.41;-0.14;-0.57;1.27;0.35
6/21/2012;-3.92;-1.85;-2.27;-3.17;-2.51
6/22/2012;-2.08;-0.77;-0.80;1.45;-0.10
6/25/2012;-3.79;1.67;0.47;-8.95;-1.50
6/26/2012;-0.15;2.66;0.99;1.12;1.83
6/27/2012;1.29;0.37;-1.66;-2.00;-0.23
6/28/2012;-0.95;1.12;0.74;0.34;-1.31
6/29/2012;3.81;-0.79;1.72;3.11;2.16
7/2/2012;0.37;-0.64;-1.66;0.61;-0.08
7/3/2012;2.01;0.51;2.46;3.43;1.87
7/4/2012;0.59;0.51;1.43;-0.21;0.38
7/5/2012;1.13;1.19;-1.40;3.43;1.23
7/6/2012;-0.67;0.32;-0.96;-2.04;-1.53
7/10/2012;-4.48;-0.58;-1.80;-4.22;-2.26
7/11/2012;0.43;0.17;0.25;0.81;-0.57
7/12/2012;1.04;0.25;-1.43;0.21;-0.39
7/13/2012;2.82;0.83;0.19;5.22;1.84
7/16/2012;-0.11;1.16;-1.00;-1.02;-1.37
7/17/2012;-0.75;1.30;-0.35;-0.52;-0.10
7/18/2012;2.39;-0.16;2.13;0.41;-0.36
7/19/2012;1.93;1.05;0.38;1.51;-0.08
7/20/2012;-0.36;1.52;-0.86;-2.24;-1.79
7/23/2012;-2.83;-2.60;0.95;-1.15;-2.64
7/24/2012;3.39;0.89;-1.79;-0.90;-4.69
7/25/2012;0.70;0.22;-0.35;1.12;-0.09
7/26/2012;2.76;-2.61;4.21;1.37;0.77
7/27/2012;3.71;1.39;3.07;4.73;3.98
7/30/2012;2.75;0.24;0.80;0.69;-0.24
7/31/2012;-2.47;-3.65;-2.27;-3.99;-0.84
8/1/2012;-0.69;0.50;0.79;1.64;0.41
8/2/2012;-1.73;1.00;-1.78;-1.11;-1.29
8/3/2012;3.02;1.87;-0.09;1.73;1.16
8/6/2012;2.26;-0.58;2.04;-0.10;1.10
8/7/2012;0.94;-1.01;-0.81;1.65;0.03
8/8/2012;2.28;2.30;-0.70;4.59;0.98
8/9/2012;-1.00;-0.40;-0.46;-0.85;0.75
8/10/2012;1.09;-1.06;-0.64;0.34;0.29
8/13/2012;-0.67;-1.51;-1.01;-0.19;0.00
8/14/2012;-0.77;-0.03;0.64;-0.90;-3.77
8/15/2012;0.48;-0.05;0.00;1.00;-2.04
8/16/2012;1.98;0.28;0.00;1.95;1.19
8/17/2012;0.41;-0.63;-0.87;0.42;-2.81
8/20/2012;-0.90;-0.17;-0.36;0.14;1.89
8/21/2012;-0.58;-3.25;-2.67;-1.58;-0.84
8/22/2012;0.38;0.60;1.48;1.18;0.11
8/23/2012;-0.67;0.18;0.91;-0.98;-3.17
8/24/2012;-0.12;-0.18;0.41;-0.23;-0.79
8/27/2012;-1.50;1.46;-0.14;0.66;-1.56
8/28/2012;0.00;1.95;-0.49;-0.14;-0.03
8/29/2012;-2.42;1.07;-0.57;-0.61;-2.76
8/30/2012;-0.58;-0.16;-0.06;-0.80;-0.43
8/31/2012;-2.46;-1.55;2.26;-1.38;2.66
9/3/2012;1.15;2.32;-0.36;-0.34;-0.27
9/4/2012;-2.03;-0.88;-1.66;-1.21;-2.93
9/5/2012;0.32;1.05;-0.40;0.79;1.37
9/6/2012;2.86;0.47;3.31;1.99;4.70
9/10/2012;0.58;-2.83;-2.65;1.10;2.96
9/11/2012;1.07;1.45;0.76;2.31;2.68
9/12/2012;2.64;-0.63;-0.33;1.24;0.67
9/13/2012;2.04;-2.52;1.36;4.14;2.78
9/14/2012;1.16;1.77;0.50;1.75;1.10
9/17/2012;-1.15;-1.31;0.42;-0.22;0.93
9/18/2012;-2.37;1.47;-1.54;-0.21;0.52
9/19/2012;0.06;1.43;-0.12;-2.28;-1.10
9/20/2012;-0.74;1.97;0.58;1.15;-0.71
9/21/2012;0.59;-2.43;0.98;-1.00;-2.29
9/24/2012;0.33;-3.45;0.75;1.15;0.38
9/25/2012;-6.01;-6.39;-0.17;-0.96;-2.74
9/26/2012;0.54;0.02;-0.14;0.13;0.31
9/27/2012;-1.26;1.51;0.81;-0.26;-0.25
9/28/2012;-2.89;-7.35;-0.86;-1.50;-1.62
10/1/2012;1.55;-0.63;2.22;0.62;-0.09
10/2/2012;-0.49;-0.54;1.42;0.85;-0.26
10/3/2012;-1.30;0.60;-0.55;-1.58;-1.31
10/4/2012;0.17;5.09;1.57;0.27;0.95
10/5/2012;0.78;0.27;1.46;-0.67;-0.11
10/8/2012;0.23;-0.32;1.98;0.72;2.94
10/9/2012;-2.46;-2.12;-2.85;-0.85;0.75
10/10/2012;-2.33;-0.60;0.74;-0.45;-1.19
10/11/2012;0.85;0.78;0.42;1.72;0.97
10/15/2012;0.54;-1.55;1.20;1.34;0.03
10/16/2012;0.33;-0.96;0.91;0.00;2.04
10/17/2012;-0.03;2.94;0.72;-0.79;1.56
10/18/2012;-0.27;-5.23;1.23;-0.53;-0.50
10/19/2012;-1.08;0.54;-1.78;-1.11;-1.71
10/22/2012;-0.50;-4.89;-0.71;-0.90;-0.37
10/23/2012;-3.17;-4.82;-0.38;-1.72;-2.37
10/24/2012;4.08;3.01;-0.86;-0.60;-0.78
10/25/2012;1.42;2.82;-0.06;0.98;5.57
10/26/2012;-1.37;2.63;-0.11;1.61;-0.69
10/29/2012;0.04;1.54;1.75;-3.39;0.39
10/30/2012;1.21;3.75;-0.54;0.84;0.77
10/31/2012;-0.87;-2.14;-0.24;-3.39;-0.05
11/1/2012;4.43;3.58;0.00;0.24;2.25
11/5/2012;-0.10;1.44;0.69;1.87;-0.65
11/6/2012;0.94;1.80;0.03;2.07;0.73
11/7/2012;-2.50;0.66;-0.72;-2.31;-1.05
11/8/2012;-2.23;0.85;-1.33;-2.69;-2.04
11/9/2012;0.07;-0.98;-1.41;0.82;0.75
11/12/2012;-0.07;0.32;0.22;-1.63;-0.83
11/13/2012;1.85;0.55;1.57;0.15;0.75
11/14/2012;-1.38;-0.39;-0.85;-3.27;-1.85
11/16/2012;0.36;1.32;3.17;-3.89;-2.75
11/19/2012;3.10;0.12;-0.04;0.53;1.21
11/21/2012;1.23;-0.68;1.60;-2.67;1.05
11/22/2012;1.18;-0.18;-0.70;0.16;-0.06
11/23/2012;1.17;1.09;1.48;2.79;1.38
11/26/2012;-1.84;0.27;-0.42;-1.83;-0.50
11/27/2012;-1.56;1.18;-0.23;-1.65;0.00
11/28/2012;0.45;1.52;0.96;0.76;-1.43
11/29/2012;2.54;0.79;-0.38;2.68;3.92
11/30/2012;0.63;-2.89;2.91;-2.56;0.27
12/3/2012;2.72;-1.02;1.70;1.82;-0.06
12/4/2012;-1.09;-0.92;-1.90;-0.95;-1.69
12/5/2012;0.52;-1.05;-0.72;0.64;1.75
12/6/2012;-0.33;0.46;0.62;-1.27;-0.27
12/7/2012;0.18;0.46;-0.50;2.03;0.90
12/10/2012;0.06;0.48;0.18;2.57;1.38
12/11/2012;0.64;0.63;0.50;2.15;2.00
12/12/2012;-0.39;-0.02;-0.39;-0.70;0.53
12/13/2012;0.06;-0.66;0.72;-1.42;0.39
12/14/2012;-0.85;-0.44;-0.71;3.27;3.17
12/17/2012;0.31;-0.27;0.57;-1.43;1.41
12/18/2012;0.58;1.01;0.57;1.25;1.71
12/19/2012;3.53;-0.14;0.22;3.77;-1.19
12/20/2012;-0.44;0.33;-2.86;0.57;0.74
12/21/2012;1.51;0.00;-0.46;-1.71;-0.76
12/26/2012;-1.05;-0.35;-0.92;-3.05;0.47
12/27/2012;-1.66;2.41;1.42;-3.24;0.27
12/28/2012;0.63;1.53;-0.07;0.56;0.17
1/2/2013;3.31;2.62;0.41;0.87;4.23
1/3/2013;2.99;0.51;1.25;3.61;-1.20
1/4/2013;-0.90;0.26;-0.69;0.39;-2.18
1/7/2013;-1.39;0.08;0.05;-1.96;-1.99
1/8/2013;0.40;-1.49;0.12;-2.89;-0.62
1/9/2013;1.60;-3.35;1.50;0.92;0.50
1/10/2013;-1.27;-1.02;-0.62;0.76;0.67
1/11/2013;0.26;-0.50;-0.35;0.26;-2.56
1/14/2013;1.22;0.35;0.52;-0.15;0.61
1/15/2013;-1.24;-0.27;1.31;-0.16;-0.30
1/16/2013;0.89;-1.52;2.03;0.11;0.07
1/17/2013;1.69;1.14;1.33;-0.66;0.18
1/18/2013;0.34;-1.09;0.29;-0.66;-1.38
1/21/2013;-0.72;1.25;-0.19;-0.97;-0.13
1/22/2013;1.12;-0.11;0.42;0.98;1.13
1/23/2013;-1.38;0.02;-0.03;-0.15;-0.23
1/24/2013;0.11;-0.73;0.38;0.31;-2.20
1/28/2013;-2.63;0.46;-1.90;-1.22;-2.43
1/29/2013;-0.15;2.21;2.12;-1.34;1.17
1/30/2013;-1.90;-1.11;0.65;-4.76;-2.21
1/31/2013;0.76;1.29;0.67;-0.66;3.78
2/1/2013;-0.54;2.36;-1.36;2.10;1.29
2/4/2013;-2.34;-0.08;1.27;-2.49;-1.15
2/5/2013;2.52;-0.52;-0.75;0.44;-1.68
2/6/2013;-2.08;-1.40;-0.59;-2.66;1.05
2/7/2013;-0.63;-2.41;-0.71;-0.57;-2.70
2/8/2013;1.80;0.11;0.77;1.37;0.75
2/13/2013;-0.27;-1.25;-0.54;0.34;-0.88
2/14/2013;-0.47;0.89;-0.51;-0.73;-1.76
2/15/2013;4.64;2.47;-0.55;-0.23;-0.76
2/18/2013;1.05;0.16;-0.25;1.53;-0.14
2/19/2013;-1.94;0.81;1.09;1.11;-0.90
2/20/2013;-1.75;-0.02;-0.10;-2.65;-3.57
2/21/2013;-0.73;-0.02;-2.23;-1.71;0.06
2/22/2013;3.24;1.79;1.10;-0.98;-2.07
2/25/2013;0.20;1.90;-3.35;-1.17;0.53
2/26/2013;-1.82;0.60;1.30;-1.24;2.54
2/27/2013;0.37;0.55;-2.68;0.42;0.85
2/28/2013;1.19;-0.42;2.49;-1.19;3.10
3/1/2013;0.41;0.64;0.69;1.75;-3.56
3/4/2013;-0.43;-0.27;-0.46;-2.37;-3.40
3/5/2013;1.03;-0.59;-0.20;0.36;-0.70
3/6/2013;1.66;0.17;2.64;9.00;5.97
3/7/2013;0.64;-1.35;-1.86;4.99;-0.78
3/8/2013;2.96;0.88;-0.09;-3.06;-2.34
3/11/2013;-0.54;0.37;-0.21;3.05;1.44
3/12/2013;-1.50;-0.82;-1.04;-1.01;-1.62
3/13/2013;-0.14;-1.95;-1.62;0.11;-3.72
3/14/2013;-1.52;1.65;0.91;3.31;0.81
3/15/2013;0.08;-0.34;-2.01;-1.50;-0.12
3/18/2013;1.26;1.29;0.98;0.58;0.33
3/19/2013;-0.59;-1.05;-0.28;-0.52;-3.88
3/20/2013;0.86;-0.05;0.12;-1.31;2.04
3/21/2013;-1.11;0.43;-0.43;-1.70;0.39
3/22/2013;-1.23;-1.22;-0.65;0.54;0.06
3/25/2013;-0.82;-0.13;-1.98;0.00;-1.68
3/26/2013;1.06;2.23;1.05;-0.22;1.07
3/27/2013;0.23;1.21;-0.21;-0.91;1.94
3/28/2013;1.52;1.43;0.76;-0.38;-1.16
4/1/2013;-1.46;-0.63;0.52;-1.69;-2.50
4/2/2013;-1.41;-0.09;-0.55;-1.88;-1.76
4/3/2013;-0.37;0.46;-2.13;1.69;5.84
4/4/2013;-2.84;-0.24;0.86;-1.55;-3.97
4/5/2013;-0.03;1.37;-0.37;0.45;0.74
4/8/2013;-0.06;1.43;-1.08;-2.19;0.31
4/9/2013;2.36;2.69;0.00;4.25;4.22
4/10/2013;1.50;0.89;0.87;1.49;-3.46
4/11/2013;0.37;-1.11;-1.41;-2.34;-1.52
4/12/2013;-1.85;0.80;-1.92;-0.17;1.64
4/15/2013;-2.17;-0.58;-3.22;-4.06;-6.47
4/16/2013;2.51;0.74;2.45;2.73;2.76
4/17/2013;-2.45;-0.51;-0.09;-2.99;0.66
4/18/2013;-3.42;1.05;0.47;3.78;-1.74
4/19/2013;2.20;1.51;0.68;3.71;0.66
4/22/2013;-0.33;0.24;-1.11;1.57;1.73
4/23/2013;0.45;-0.24;2.65;2.19;2.21
4/24/2013;0.72;-1.24;-2.36;1.41;0.72
4/25/2013;0.59;-0.44;-1.11;-1.29;1.40
4/26/2013;-3.30;-1.89;-0.44;0.47;-2.67
4/29/2013;0.09;-0.46;0.08;5.50;1.07
4/30/2013;2.56;3.17;5.80;2.62;1.93
5/2/2013;-1.15;1.73;-1.93;0.79;-2.72
5/3/2013;1.39;0.20;1.95;-1.23;1.42
5/6/2013;-0.15;0.45;0.38;1.75;0.25
5/7/2013;2.94;0.82;0.12;1.33;2.39
5/8/2013;1.04;-0.12;-1.03;-1.60;0.21
5/9/2013;0.00;0.69;3.17;-0.25;0.09
5/10/2013;-0.94;-0.04;0.66;-1.44;-1.96
5/13/2013;-1.90;-0.11;0.16;-2.81;-2.09
5/14/2013;1.50;2.49;2.07;0.82;-2.36
5/15/2013;1.68;-0.78;1.13;0.10;-2.03
5/16/2013;-0.94;-1.48;-1.95;0.92;-2.43
5/17/2013;1.38;-4.40;0.71;1.01;0.71
5/20/2013;0.85;0.34;-0.63;1.25;3.81
5/21/2013;1.58;0.41;-0.37;0.20;1.03
5/22/2013;1.31;1.51;-1.20;-1.58;-1.37
5/23/2013;-0.84;-0.60;0.28;-0.30;-1.81
5/24/2013;-0.30;1.70;-0.21;0.95;-0.76
5/27/2013;-0.43;0.01;-0.63;-0.55;0.33
5/28/2013;0.34;1.65;1.05;0.65;-1.59
5/29/2013;-2.44;-1.50;-2.16;-1.10;-1.31
5/31/2013;1.09;0.79;-2.39;1.01;-2.49
6/3/2013;-0.82;0.63;-1.08;1.20;4.54
6/4/2013;0.50;1.02;-1.80;-1.09;1.17
6/5/2013;-3.47;-0.93;-0.52;-3.24;-3.73
6/6/2013;0.94;-2.47;1.35;0.21;1.41
6/7/2013;-0.64;-1.41;-1.47;-3.19;-1.76
6/10/2013;-0.20;0.26;-0.15;0.21;-1.58
6/11/2013;-3.27;-2.08;-2.59;-1.85;-2.86
6/12/2013;-0.23;0.04;0.05;-2.22;-1.37
6/13/2013;-0.26;1.01;-0.40;3.75;4.56
6/14/2013;-2.13;0.66;2.17;-3.93;-1.29
6/17/2013;0.54;-0.17;0.55;0.16;0.43
6/18/2013;-0.61;1.13;-0.28;-1.44;2.46
6/19/2013;-1.22;-2.61;-1.29;-3.53;-2.06
6/20/2013;1.13;-1.55;-0.52;-1.05;0.49
6/21/2013;-2.62;3.24;0.78;-3.29;-0.66
6/24/2013;-3.36;-2.74;-1.70;-3.34;-5.48
6/25/2013;0.39;0.09;1.98;0.56;2.27
6/26/2013;0.51;2.07;1.82;0.94;-2.73
6/27/2013;2.01;3.94;1.76;1.42;-0.19
6/28/2013;1.26;2.00;3.49;-1.22;1.31
7/1/2013;-0.89;1.18;0.43;-0.12;0.85
7/2/2013;-4.31;-2.77;-2.67;-4.77;-4.33
7/3/2013;-1.14;1.11;-0.78;3.31;-0.39
7/4/2013;1.26;0.18;-0.30;0.38;3.73
7/5/2013;-1.83;0.00;1.27;-5.08;-1.93
7/8/2013;0.00;-0.54;0.47;-1.12;-1.40
7/10/2013;0.71;0.27;0.79;1.53;1.38
7/11/2013;2.48;1.11;-0.16;3.88;4.16
7/12/2013;-1.01;-0.91;-0.67;-2.34;-1.74
7/15/2013;1.82;1.58;1.59;0.71;1.11
7/16/2013;0.58;0.63;-1.13;1.35;1.86
7/17/2013;1.28;-2.91;-0.62;1.97;1.04
7/18/2013;0.14;0.27;-1.62;0.25;0.21
7/19/2013;-0.39;0.01;-0.71;-1.37;-1.03
7/22/2013;2.08;0.99;2.02;2.65;1.86
7/23/2013;1.35;-1.11;0.50;0.67;1.62
7/24/2013;-1.20;-0.32;-0.90;-0.12;0.10
7/25/2013;0.14;0.45;0.27;2.75;0.69
7/26/2013;0.00;0.25;0.35;0.65;0.38
7/29/2013;-0.04;-1.73;-0.65;-1.59;-1.20
7/30/2013;0.79;1.76;0.93;-1.32;-1.87
7/31/2013;-0.28;1.08;4.76;-1.03;-0.74
8/1/2013;3.25;0.01;2.27;3.99;1.42
8/2/2013;-0.57;0.09;-0.65;-0.77;-0.56
8/5/2013;-1.57;-0.18;-1.18;-0.95;1.20
8/6/2013;-2.31;-1.25;-0.82;-2.22;-1.32
8/7/2013;-0.19;-1.26;-0.40;-0.18;2.50
8/8/2013;2.89;2.21;0.81;2.46;3.00
8/9/2013;0.48;0.43;-1.36;2.58;3.24
8/12/2013;2.69;-0.43;0.03;-3.22;1.20
8/13/2013;0.63;0.63;1.58;-0.97;0.93
8/14/2013;-0.99;0.39;-0.52;3.54;0.13
8/15/2013;-0.83;-0.81;0.54;5.19;-0.16
8/16/2013;-2.05;0.65;1.51;-0.28;1.97
8/19/2013;-0.89;-1.13;-0.75;0.28;0.56
8/20/2013;-1.07;0.26;-4.38;-3.93;-2.81
8/21/2013;-0.74;0.95;-0.71;1.22;-1.05
8/22/2013;0.07;0.37;0.93;5.31;4.14
8/23/2013;3.41;2.75;-0.53;1.59;-0.37
8/26/2013;-1.70;0.90;-1.32;-1.94;-0.25
8/27/2013;-2.80;-0.80;-0.80;-4.07;-1.46
8/28/2013;0.35;-1.54;-0.64;-1.66;-1.51
8/29/2013;0.89;0.65;2.95;-1.51;-1.44
8/30/2013;1.93;1.02;0.36;-0.59;0.97
9/2/2013;1.09;0.24;1.25;0.84;2.96
9/3/2013;-0.99;-1.45;-3.37;-0.95;0.40
9/4/2013;0.24;-0.61;-0.31;0.42;-0.03
9/5/2013;1.07;-1.13;0.86;4.09;0.56
9/6/2013;2.04;0.63;-0.22;1.26;-0.37
9/9/2013;2.80;0.96;0.89;2.31;2.70
9/10/2013;0.71;-0.53;1.94;0.94;1.84
9/11/2013;-0.49;-0.18;1.11;-0.49;-2.17
9/12/2013;-0.22;-0.31;-0.63;-2.19;0.76
9/13/2013;1.46;0.41;0.15;1.57;-0.27
9/16/2013;-0.61;2.97;0.98;1.77;-0.09
9/17/2013;1.61;0.67;-0.08;0.43;-0.30
9/18/2013;2.88;0.62;1.45;1.99;0.06
9/19/2013;-0.61;0.17;1.28;1.38;-1.21
9/20/2013;-2.82;-2.83;-0.05;-1.15;-0.70
9/23/2013;0.80;2.06;-0.56;0.95;1.17
9/24/2013;-0.50;-1.75;-0.24;-1.83;-1.47
9/25/2013;0.09;0.70;0.32;0.16;1.05
9/26/2013;-0.03;2.01;1.19;-1.12;0.15
9/27/2013;2.29;3.48;-0.35;-0.48;-1.59
9/30/2013;-2.36;-1.42;-1.99;-0.76;-1.86
10/1/2013;0.97;1.93;0.18;1.69;1.01
10/2/2013;-0.41;0.64;-0.54;0.59;-0.12
10/3/2013;0.25;0.83;-0.29;-1.28;-1.17
10/4/2013;0.32;1.19;0.47;0.70;1.43
10/7/2013;-0.60;1.69;-0.46;-0.27;-1.60
10/8/2013;-0.35;-1.65;-1.61;-1.66;-0.67
10/9/2013;1.08;0.40;0.21;-1.31;-2.28
10/10/2013;1.76;-0.32;0.83;0.45;0.30
10/11/2013;-0.96;3.10;0.22;-0.28;1.50
10/14/2013;0.71;1.32;0.63;0.93;4.03
10/15/2013;0.40;0.44;0.33;0.82;-0.22
10/16/2013;1.14;0.39;-0.82;-0.38;0.34
10/17/2013;0.85;0.43;1.28;-0.77;1.49
10/18/2013;2.47;-0.87;0.60;-1.54;-0.50
10/21/2013;-0.91;-0.08;-0.18;5.30;2.15
10/22/2013;0.54;-0.92;0.94;-1.75;1.33
10/23/2013;-1.36;1.00;-2.31;-1.19;-1.80
10/24/2013;-0.48;-0.91;0.06;-0.49;0.12
10/25/2013;-0.51;2.04;0.58;1.37;0.00
10/28/2013;1.18;-0.65;0.01;7.57;1.24
10/29/2013;3.65;0.86;-1.17;-0.96;-0.61
10/30/2013;-0.34;-0.24;-0.37;1.27;0.37
10/31/2013;0.32;2.16;-0.74;2.41;0.83
11/1/2013;-0.97;-0.29;0.70;-2.79;1.86
11/4/2013;0.76;1.33;-0.78;1.81;2.30
11/5/2013;-1.65;-2.84;-1.49;0.15;-0.73
11/6/2013;-1.21;-1.24;2.13;0.79;1.38
11/7/2013;-1.49;2.00;1.19;-2.01;-3.25
11/8/2013;-2.64;-1.92;2.12;-1.80;-1.38
11/11/2013;0.43;-0.17;0.23;2.29;1.19
11/12/2013;-0.15;-1.43;-1.96;-2.69;-2.47
11/13/2013;2.01;0.54;-0.17;2.00;-1.14
11/14/2013;2.13;2.51;2.58;2.56;1.06
11/18/2013;1.37;0.47;1.03;4.84;2.07
11/19/2013;-2.67;-1.12;-1.59;-1.54;-0.94
11/21/2013;-1.03;0.08;-0.58;-0.99;-1.41
11/22/2013;-1.49;0.60;1.10;-1.10;1.12
11/25/2013;-1.48;-0.75;-0.40;-1.50;-2.11
11/26/2013;0.50;0.98;1.21;-6.29;-3.44
11/27/2013;2.66;-0.22;-0.17;-0.58;1.88
11/28/2013;-0.91;0.53;-0.63;-1.63;2.70
11/29/2013;1.26;0.74;0.57;2.46;1.52
12/2/2013;-2.20;-0.49;-0.29;-9.21;-0.46
12/3/2013;-2.23;-1.49;-2.00;0.86;-1.32
12/4/2013;-0.95;-0.92;-3.26;-0.63;0.56
12/5/2013;-0.32;0.52;1.50;1.32;1.42
12/6/2013;1.06;-0.98;-0.65;-2.27;0.30
12/9/2013;0.86;0.92;1.49;0.12;0.55
12/10/2013;-0.54;-2.17;-1.12;0.29;-0.85
12/11/2013;-2.66;-1.03;0.42;-3.01;-1.98
12/12/2013;0.85;1.09;-1.60;0.48;-0.77
12/13/2013;0.00;0.74;-1.14;1.01;-0.22
12/16/2013;0.71;-1.42;0.60;1.82;-0.28
12/17/2013;0.13;2.18;-0.06;-3.11;-0.16
12/18/2013;0.61;-0.35;1.21;0.24;0.47
12/19/2013;2.23;-0.03;1.98;2.43;1.44
12/20/2013;-1.71;0.75;-0.47;-1.97;-1.45
12/23/2013;0.39;0.91;0.71;0.89;-0.25
12/26/2013;0.70;-1.64;-0.76;-0.82;0.32
12/27/2013;-0.28;-0.20;0.95;0.06;1.60
12/30/2013;-0.79;0.59;1.28;0.89;0.99
1/2/2014;0.59;0.70;0.40;-1.93;-2.48
1/3/2014;-0.67;0.59;-2.82;-1.97;-1.57
1/6/2014;0.64;0.79;-0.59;1.22;0.51
1/7/2014;-0.76;1.15;3.16;-2.77;-2.15
1/8/2014;1.57;0.15;0.98;0.18;0.58
1/9/2014;-3.12;-0.74;-2.34;-3.03;-3.70
1/10/2014;0.49;0.50;0.64;1.72;0.53
1/13/2014;-0.45;-0.55;-0.93;-1.25;-0.96
1/14/2014;1.50;-0.99;1.23;-0.45;0.00
1/15/2014;0.03;-0.15;0.02;2.17;1.44
1/16/2014;-2.08;-0.15;-1.30;-2.81;0.20
1/17/2014;-1.96;-0.53;-0.83;-0.51;-0.89
1/20/2014;-0.80;-0.14;0.36;-2.13;-2.83
1/21/2014;1.41;-1.47;1.20;1.05;-2.37
1/22/2014;0.23;1.40;1.42;3.26;1.51
1/23/2014;-1.98;-2.27;-3.44;-2.34;-2.63
1/24/2014;-1.32;-1.19;-0.72;-2.39;1.70
1/27/2014;2.02;-1.15;-2.38;0.07;-0.31
1/28/2014;0.71;0.17;0.37;-0.40;1.19
1/29/2014;-1.90;0.35;-0.31;-1.66;3.74
1/30/2014;0.10;0.22;-1.12;-0.68;-0.67
1/31/2014;2.57;1.21;1.39;0.00;0.81
2/3/2014;-1.21;-1.23;-3.67;-5.78;-3.00
2/4/2014;4.85;-0.15;0.45;1.73;1.65
2/5/2014;-0.48;-1.35;-0.83;-1.84;1.22
2/6/2014;2.09;2.53;4.72;2.75;2.87
2/7/2014;-0.06;1.90;1.36;1.69;-0.45
2/10/2014;-0.16;-0.81;-1.53;1.10;-0.72
2/11/2014;0.19;1.43;2.85;2.40;1.08
2/12/2014;-1.07;-0.15;-2.71;0.00;0.07
2/13/2014;-0.44;-0.69;1.12;-2.34;-0.10
2/14/2014;0.76;-0.25;2.14;-0.20;0.65
2/17/2014;-1.27;-0.45;-0.72;-1.03;-0.71
2/18/2014;-0.29;0.93;-2.48;-2.22;-0.45
2/19/2014;1.68;-0.28;1.17;0.64;0.98
2/20/2014;-0.13;-0.95;1.17;-0.28;-1.00
2/21/2014;0.13;0.15;0.30;-0.07;0.07
2/24/2014;0.55;0.67;0.12;2.47;-2.78
2/25/2014;-0.67;-1.35;0.00;-2.21;-2.55
2/26/2014;-0.38;-0.08;1.08;-3.53;0.07
2/27/2014;1.58;0.86;0.66;2.63;1.00
2/28/2014;-0.64;-1.78;-0.06;-3.21;-0.75
3/5/2014;-1.55;2.00;-0.47;-2.21;-3.37
3/6/2014;2.77;1.26;0.42;1.06;0.00
3/7/2014;-1.99;0.02;-0.65;-0.82;-3.63
3/10/2014;-1.29;2.06;-0.42;-2.33;-2.66
3/11/2014;1.08;2.28;0.06;0.77;-1.02
3/12/2014;-1.23;-0.92;0.12;1.61;1.38
3/13/2014;-1.34;-0.56;-0.71;-1.58;-2.12
3/14/2014;-2.66;-0.63;-1.45;-2.52;0.77
3/17/2014;2.08;1.41;1.90;-1.64;-0.38
3/18/2014;1.88;3.46;0.72;3.18;2.11
3/19/2014;0.46;1.00;-0.12;2.85;0.08
3/20/2014;2.10;0.72;-0.06;4.87;0.26
3/21/2014;0.38;0.03;-0.60;0.21;2.10
3/24/2014;2.90;0.28;0.60;2.72;-0.14
3/25/2014;0.56;1.25;-0.12;0.55;1.66
3/26/2014;0.86;-1.05;-0.54;-0.55;-0.40
3/27/2014;2.17;0.78;2.40;8.12;1.27
3/28/2014;-0.60;0.35;-0.59;0.58;-0.15
3/31/2014;1.98;1.27;0.00;0.76;1.94
4/1/2014;0.78;0.68;0.89;0.20;-0.32
4/2/2014;3.22;0.96;1.17;4.74;3.89
4/3/2014;-1.16;0.27;0.06;-1.04;0.65
4/4/2014;-1.44;-2.99;-1.63;0.26;-0.23
4/7/2014;2.27;2.24;0.00;6.61;1.93
4/8/2014;-1.45;-0.96;-0.47;-2.86;0.10
4/9/2014;-1.33;0.83;-0.12;-0.88;-0.43
4/10/2014;1.08;0.68;1.07;-1.07;-0.87
4/11/2014;2.37;0.16;2.48;3.25;0.57
4/14/2014;-1.27;0.00;-0.17;-1.61;0.87
4/15/2014;-2.40;-0.65;-0.18;-3.83;-4.62
4/16/2014;1.82;2.68;0.87;3.00;1.00
4/17/2014;2.54;1.41;-0.57;3.80;1.39
4/22/2014;0.70;2.39;2.59;-2.56;-1.75
4/23/2014;-0.20;0.02;-1.18;0.44;-1.21
4/24/2014;2.16;-0.38;-1.31;0.62;1.62
4/25/2014;0.96;-1.11;-0.75;-0.62;-2.31
4/28/2014;-0.19;-1.04;-0.17;3.31;-2.73
4/29/2014;0.05;1.56;-0.46;0.79;-0.08
4/30/2014;0.00;2.30;-5.01;-0.72;-1.16
5/2/2014;1.81;-1.14;-1.78;6.22;3.52
5/5/2014;1.07;1.33;3.06;-0.17;-0.73
5/6/2014;-0.92;0.61;0.90;3.81;-0.81
5/7/2014;0.69;-2.29;-2.10;1.86;1.15
5/8/2014;-1.53;0.07;0.00;-3.77;-1.50
5/9/2014;-0.89;0.95;1.41;-1.17;-1.23
5/12/2014;1.93;-0.46;0.91;2.04;4.26
5/13/2014;-0.62;-0.69;-0.49;-0.39;-0.11
5/14/2014;0.43;-0.21;0.60;1.84;2.36
5/15/2014;-0.75;-1.52;-1.19;-1.42;-0.28
5/16/2014;0.99;2.41;0.30;0.11;-2.20
5/19/2014;-0.64;0.05;-0.37;-0.61;-3.30
5/20/2014;-1.77;-1.99;-1.15;-3.57;-2.29
5/21/2014;-2.13;1.83;1.23;0.92;0.58
5/22/2014;1.22;0.94;1.27;1.09;1.68
5/23/2014;-1.51;2.46;-0.78;0.28;0.57
5/26/2014;-0.31;-0.27;0.42;0.90;0.45
5/27/2014;0.05;-0.67;-3.18;-2.07;-0.86
5/28/2014;1.82;1.50;0.19;1.20;-0.41
5/29/2014;-1.52;-0.25;0.00;-2.26;0.34
5/30/2014;-2.51;-1.16;-1.80;-3.53;-3.76
6/2/2014;0.39;1.42;2.77;-0.54;2.11
6/3/2014;0.60;2.22;0.31;1.81;-1.07
6/4/2014;-1.13;-0.48;-0.86;-1.78;-0.38
6/5/2014;-0.75;0.14;-0.80;-1.69;-0.31
6/6/2014;3.86;2.03;1.37;8.33;1.59
6/9/2014;3.77;2.49;0.62;2.21;1.84
6/10/2014;-0.27;1.39;-0.42;1.49;-0.79
6/11/2014;2.07;1.80;-1.54;2.94;0.00
6/13/2014;-0.55;0.72;-1.43;0.58;-2.46
6/16/2014;-0.67;0.20;-1.26;-1.32;-1.09
6/17/2014;-1.32;-0.66;-0.64;-2.24;0.08
6/18/2014;1.37;0.38;2.64;3.71;1.37
6/20/2014;-1.47;0.22;0.25;-1.58;-0.23
6/23/2014;-0.75;0.62;-2.19;-2.14;1.51
6/24/2014;0.18;2.65;-0.44;-3.61;-1.41
6/25/2014;-3.17;-0.76;-0.45;-1.98;0.08
6/26/2014;-0.34;-0.26;1.10;0.17;2.17
6/27/2014;-0.31;-0.07;-0.89;-0.69;-0.64
6/30/2014;-0.44;-1.09;1.42;0.52;0.53
7/1/2014;0.39;0.31;1.71;-0.58;1.18
7/2/2014;-1.62;-3.59;-0.18;-0.41;2.03
7/3/2014;0.73;1.82;1.87;2.22;2.13
7/4/2014;-0.07;0.90;0.13;0.00;0.29
7/7/2014;0.41;0.37;-1.41;-1.26;-0.72
7/8/2014;-0.53;0.02;-0.12;0.29;0.29
7/10/2014;4.64;1.90;-2.49;4.50;-0.07
7/11/2014;-0.09;0.28;0.19;0.94;-0.43
7/14/2014;2.29;-0.48;-0.64;4.49;0.80
7/15/2014;1.21;-1.41;0.71;0.84;0.72
7/16/2014;-2.59;-3.96;1.97;0.26;1.78
7/17/2014;0.15;-1.49;1.12;1.29;-1.26
7/18/2014;4.90;0.77;2.65;4.91;-0.03
7/21/2014;0.85;2.12;1.08;1.85;0.42
7/22/2014;-0.20;1.83;-0.83;0.72;0.96
7/23/2014;0.03;0.17;-1.20;-3.75;0.00
7/24/2014;1.47;-0.53;1.52;0.25;1.44
7/25/2014;-0.42;0.07;-0.72;0.89;0.00
7/28/2014;-0.67;-0.31;-0.84;-1.66;1.41
7/29/2014;0.45;-1.31;0.61;-2.63;-0.03
7/30/2014;0.47;-4.75;0.00;1.17;-1.43
7/31/2014;-2.06;-1.54;-4.45;-3.78;0.69
8/1/2014;-0.38;1.08;-0.06;-0.47;-2.03
8/4/2014;1.49;2.29;0.06;2.31;0.56
8/5/2014;1.35;-2.14;-2.17;1.29;-1.39
8/6/2014;-0.42;-2.36;0.85;3.10;0.36
8/7/2014;-0.89;1.76;0.58;-0.79;-1.06
8/8/2014;-1.36;-1.03;0.97;-4.17;0.21
8/11/2014;1.83;3.15;1.08;4.30;1.06
8/12/2014;-0.28;0.38;-0.25;-2.33;0.28
8/13/2014;-1.72;0.56;-0.88;-4.98;-2.38
8/14/2014;1.81;0.95;0.19;-0.48;-2.16
8/15/2014;1.47;0.53;1.14;7.85;1.07
8/18/2014;1.46;0.41;1.51;1.69;0.55
8/19/2014;3.42;-0.50;0.99;2.50;0.22
8/20/2014;0.48;-3.65;0.49;2.15;1.91
8/21/2014;0.58;-1.45;-0.43;-0.28;-0.39
8/22/2014;-1.13;1.16;-0.37;-1.78;-0.92
8/25/2014;2.48;2.92;2.28;5.35;-0.79
8/26/2014;0.68;-1.00;-0.42;-0.91;-0.22
8/27/2014;3.03;-1.43;0.00;4.58;-1.41
8/28/2014;-0.95;-1.48;-1.33;-0.18;-4.11
8/29/2014;2.28;1.28;-0.19;2.41;-0.61
9/1/2014;0.39;-2.29;-2.08;2.06;-0.85
9/2/2014;1.83;0.59;0.06;3.06;-0.97
9/3/2014;-0.34;-0.34;1.63;-2.48;0.90
9/4/2014;-2.04;-0.24;0.74;-4.84;-1.09
9/5/2014;0.75;0.05;-2.14;0.13;-1.77
9/8/2014;-2.59;1.17;-1.50;-4.91;-0.80
9/9/2014;-1.54;0.48;-0.38;-1.01;1.33
9/10/2014;-1.08;-1.11;1.47;-2.47;-0.60
9/11/2014;-0.16;-1.31;-0.82;1.24;0.04
9/12/2014;-3.59;-0.74;-2.09;-5.04;1.00
9/15/2014;2.54;2.36;3.75;2.04;1.70
9/16/2014;2.58;1.75;1.12;4.87;0.16
9/17/2014;0.44;-2.10;-1.72;2.65;-0.62
9/18/2014;-1.18;-1.87;1.44;-3.75;0.19
9/19/2014;-2.38;0.10;1.36;-1.78;-2.73
9/22/2014;-1.35;-1.76;0.24;-1.53;-4.14
9/23/2014;-0.48;0.10;-0.30;-2.23;0.71
9/24/2014;0.78;-0.56;0.67;0.50;1.50
9/25/2014;-3.13;-0.51;-0.86;-1.93;-0.62
9/26/2014;4.20;-0.39;0.31;5.54;-1.98
9/29/2014;-7.00;2.15;-1.53;-11.17;-1.98
9/30/2014;-3.40;1.57;-0.74;-2.74;2.06
10/1/2014;-2.64;-3.20;-2.74;-5.53;-0.51
10/2/2014;3.34;-1.21;2.37;1.23;2.62
10/3/2014;2.35;1.47;1.44;6.07;-1.69
10/6/2014;5.36;3.71;2.59;11.12;-0.13
10/7/2014;0.16;2.11;-1.09;4.02;0.71
10/8/2014;-1.31;-0.73;-1.82;-1.70;-0.13
10/9/2014;1.27;0.98;-0.25;1.68;-1.92
10/10/2014;-3.92;-2.04;-2.42;-5.57;-2.29
10/13/2014;7.56;2.25;2.29;10.54;4.87
10/14/2014;0.92;-6.32;0.37;-2.17;2.90
10/15/2014;-4.49;-2.23;-2.23;-6.93;-0.68
10/16/2014;-2.64;-3.78;-1.40;-7.44;-2.88
10/17/2014;2.91;6.41;3.35;2.36;0.58
10/20/2014;-2.89;-2.71;-1.00;-6.13;-0.91
10/21/2014;-5.02;-1.35;-2.01;-6.92;1.05
10/22/2014;-0.20;1.15;-0.38;-0.42;0.35
10/23/2014;-4.53;-1.73;-2.12;-7.22;1.90
10/24/2014;2.79;-1.14;3.36;5.78;0.38
10/27/2014;-3.47;3.78;-0.39;-12.33;-4.39
10/28/2014;5.94;3.69;1.23;5.18;-0.18
10/29/2014;-2.89;-0.87;0.06;-6.72;-5.17
10/30/2014;8.08;0.26;0.51;2.14;-4.47
10/31/2014;3.29;4.23;4.39;6.70;5.12
11/3/2014;-0.37;-0.15;-1.22;-2.81;-0.28
11/4/2014;1.91;-0.32;0.93;-0.20;-3.21
11/5/2014;-1.10;-3.18;0.00;-2.83;-0.24
11/6/2014;-3.63;-3.21;-0.37;-2.36;-1.93
11/7/2014;1.69;1.84;0.92;1.49;1.72
11/10/2014;-0.28;-2.46;-0.73;-2.03;-2.51
11/11/2014;-0.06;0.37;-1.96;0.14;-3.67
11/12/2014;0.75;3.25;2.31;0.79;0.00
11/13/2014;-3.22;-0.74;-2.26;-3.61;-0.36
11/14/2014;0.48;0.88;-1.13;-2.94;2.22
11/17/2014;-0.74;2.50;0.32;-4.55;-0.35
11/18/2014;2.91;4.74;1.95;-1.19;-4.56
11/19/2014;4.02;2.85;2.23;2.65;0.42
11/21/2014;6.59;0.12;3.57;11.89;6.92
11/24/2014;-2.08;1.13;-1.52;-0.63;0.89
11/25/2014;1.28;1.46;-0.24;-0.42;0.89
11/26/2014;-0.83;-1.48;-1.12;-0.35;-4.03
11/27/2014;-1.48;-0.28;-0.48;-4.68;0.00
11/28/2014;-0.36;0.81;1.75;-4.76;1.26
12/1/2014;-4.16;-3.53;-4.98;-3.75;-4.00
12/2/2014;-1.51;1.60;-1.94;-1.54;-2.40
12/3/2014;1.29;-1.35;0.38;4.95;0.37
12/4/2014;-1.49;-0.47;-0.32;-3.93;-1.65
12/5/2014;1.90;1.16;1.85;0.25;1.08
12/8/2014;-3.73;-3.18;-1.56;-6.20;-3.42
12/9/2014;0.39;-0.07;-0.45;-1.22;-2.33
12/10/2014;-1.51;0.48;0.77;-4.67;-3.74
12/11/2014;1.13;0.48;1.20;-0.09;-2.94
12/12/2014;-5.33;-1.70;-3.07;-6.56;-1.64
12/15/2014;-2.13;-2.53;-0.45;-9.20;-1.29
12/16/2014;-0.48;-0.42;0.13;2.18;3.75
12/17/2014;5.05;0.93;2.40;2.99;2.17
12/18/2014;-0.75;-0.90;0.00;-2.07;2.30
12/19/2014;1.55;1.28;0.82;3.91;8.24
12/22/2014;0.69;-0.99;2.50;4.98;-0.69
12/23/2014;0.46;-0.37;0.12;6.30;4.56
12/26/2014;-1.42;0.37;-0.92;-6.11;-1.49
12/29/2014;0.29;1.77;0.93;-0.19;0.57
12/30/2014;-0.58;2.36;-0.12;-2.53;-0.47
1/2/2015;-2.18;-4.68;-1.29;-6.59;-2.60
1/5/2015;0.50;-3.40;-2.19;-8.01;-1.07
1/6/2015;1.62;-2.01;2.88;-3.25;4.10
1/7/2015;3.62;0.93;2.48;4.08;3.63
1/8/2015;1.57;2.77;0.40;5.88;0.55
1/9/2015;-4.38;2.10;-0.06;2.40;-1.39
1/12/2015;-2.41;-2.48;1.88;-5.21;-0.20
1/13/2015;-0.12;-3.48;-0.35;1.01;0.86
1/14/2015;0.68;0.99;-0.30;-2.89;-7.77
1/15/2015;-0.88;-1.24;0.06;6.86;0.81
1/16/2015;1.54;4.33;1.32;1.07;3.67
1/19/2015;-3.61;-2.11;-1.54;-2.65;-0.68
1/20/2015;0.34;1.10;1.44;1.41;0.58
1/21/2015;2.95;0.86;1.31;5.36;1.25
1/22/2015;0.50;1.33;0.70;4.38;-0.51
1/23/2015;-0.96;-2.23;-0.69;-2.44;-5.32
1/26/2015;1.17;-2.36;-0.47;-0.90;-4.59
1/27/2015;-0.38;3.29;-0.41;2.62;-2.81
1/28/2015;-2.04;0.54;0.95;-11.21;-0.82
1/29/2015;-0.68;2.84;3.27;-3.10;-3.92
1/30/2015;-1.41;-0.55;-0.22;-6.51;2.23
2/2/2015;1.32;0.08;-1.36;5.87;4.05
2/3/2015;2.79;1.17;0.63;15.47;4.82
2/4/2015;3.68;1.43;-0.97;0.20;-1.28
2/5/2015;-0.84;0.78;1.56;-2.20;-0.95
2/6/2015;-0.23;0.63;1.42;-6.94;0.91
2/9/2015;0.63;-0.15;1.74;1.75;4.49
2/10/2015;-1.27;1.92;-0.99;-3.88;-4.78
2/11/2015;-1.70;-1.54;-0.78;1.23;2.88
2/12/2015;2.63;2.97;1.46;5.20;1.92
2/13/2015;3.32;0.02;-0.78;5.16;4.09
2/18/2015;0.59;0.93;1.61;1.30;1.08
2/19/2015;-0.03;-0.44;-0.05;-3.66;-2.50
2/20/2015;0.54;-0.03;-0.22;-0.82;2.04
2/23/2015;0.97;0.53;0.99;-1.86;-3.60
2/24/2015;1.05;0.07;0.87;3.90;2.08
2/25/2015;0.25;-0.62;-1.30;-4.87;0.00
2/26/2015;0.49;1.67;0.00;-1.17;-3.87
2/27/2015;-1.06;1.82;0.22;3.24;0.60
3/2/2015;-0.45;-2.15;-0.93;-1.78;-3.14
3/3/2015;0.77;1.48;1.93;2.13;0.84
3/4/2015;-0.87;-1.46;-1.08;-4.06;-2.33
3/5/2015;-0.88;0.52;0.50;0.76;-4.08
3/6/2015;-2.67;-0.04;-0.55;-0.43;0.94
3/9/2015;-2.60;-0.77;0.33;-3.57;-0.12
3/10/2015;-3.93;2.27;-3.17;-4.04;-2.98
3/11/2015;3.39;0.67;2.31;2.81;-1.45
3/12/2015;0.41;-1.36;-0.27;-3.30;-0.19
3/13/2015;-0.50;-0.70;0.16;-2.35;1.11
3/16/2015;0.00;2.64;-0.33;1.93;-0.30
3/17/2015;2.86;2.02;1.05;5.08;4.63
3/18/2015;3.02;3.51;1.32;4.27;-2.39
3/19/2015;-0.61;-1.52;0.16;-3.99;-1.07
3/20/2015;0.84;0.24;0.82;5.06;4.70
3/23/2015;-0.64;-1.27;0.86;0.00;-0.34
3/24/2015;-0.62;-1.15;-1.44;0.43;-2.43
3/25/2015;-0.08;0.48;-0.54;4.79;0.65
3/26/2015;-2.82;-0.85;-1.79;-4.98;-3.46
3/27/2015;-1.74;0.15;0.77;0.32;-2.74
3/30/2015;3.36;0.73;2.20;3.62;0.50
3/31/2015;0.92;0.09;-1.02;0.10;-3.74
4/1/2015;3.41;3.00;2.33;4.93;-2.84
4/2/2015;0.96;0.34;-0.10;5.00;2.99
4/6/2015;1.22;0.91;1.96;-0.28;0.59
4/7/2015;0.05;-0.54;1.04;1.87;3.28
4/8/2015;0.48;1.06;0.10;-2.66;-2.55
4/9/2015;-2.00;-0.81;-0.51;9.06;-0.38
4/10/2015;0.74;3.28;0.77;2.25;-1.48
4/13/2015;-0.79;0.36;-0.16;3.81;-1.56
4/14/2015;0.00;-1.93;-1.90;1.79;5.03
4/15/2015;1.44;1.76;0.00;6.73;1.38
4/16/2015;-0.75;-0.32;0.00;-3.00;-1.94
4/17/2015;-1.27;-0.37;-0.79;0.62;-1.57
4/20/2015;-1.67;-1.08;-0.26;0.61;0.26
4/22/2015;2.79;-0.57;0.26;0.23;9.81
4/23/2015;2.71;2.12;-0.37;-1.52;6.56
4/24/2015;3.24;-0.86;0.11;2.63;6.66
4/27/2015;-1.87;-1.85;-0.53;-5.13;-0.48
4/28/2015;1.01;0.78;0.48;1.59;-0.37
4/29/2015;-1.36;4.07;-0.32;0.31;-7.87
4/30/2015;0.70;0.60;0.59;1.79;6.20
5/4/2015;1.13;-0.33;2.17;5.75;6.33
5/5/2015;-0.97;0.24;1.34;4.20;5.18
5/6/2015;-2.52;0.67;0.46;-5.15;-4.53
5/7/2015;0.40;-0.19;-0.51;0.44;-0.93
5/8/2015;1.32;0.10;1.28;-1.31;-3.59
5/11/2015;-0.47;0.48;-0.15;1.48;2.92
5/12/2015;-0.45;-0.33;-1.41;0.51;-2.78
5/13/2015;-0.68;-0.48;-0.61;1.31;-2.65
5/14/2015;0.98;0.71;0.10;-0.57;-0.83
5/15/2015;1.87;1.42;0.72;1.22;-0.50
5/18/2015;-2.66;-0.94;-1.12;-1.99;-4.55
5/19/2015;-1.41;-1.76;-0.52;-6.31;-0.53
5/20/2015;-1.78;-1.05;-2.85;-0.15;-1.90
5/21/2015;-1.20;1.16;0.37;4.34;1.57
5/22/2015;-2.11;-1.24;0.00;-2.75;1.31
5/25/2015;0.37;0.07;0.26;-2.14;1.76
5/26/2015;-1.47;-1.09;-1.54;-3.20;0.57
5/27/2015;2.03;0.42;-0.38;1.29;0.75
5/28/2015;-1.18;0.56;0.05;0.96;-2.16
5/29/2015;-2.48;-3.03;-0.43;-2.68;-2.56
6/1/2015;-0.68;1.52;0.71;0.32;0.00
6/2/2015;2.23;1.28;0.81;3.80;7.46
6/3/2015;-2.53;-0.83;-0.97;-0.08;-1.94
6/5/2015;-2.38;-0.81;1.36;-2.10;-0.28
6/8/2015;-0.42;0.99;-0.64;0.08;-3.18
6/9/2015;-0.63;-0.98;-0.38;3.18;-0.36
6/10/2015;2.92;5.96;1.84;0.62;4.77
6/11/2015;-0.62;-2.82;-0.27;0.00;1.24
6/12/2015;-1.05;-0.60;-0.37;-0.23;-0.78
6/15/2015;0.51;0.14;-1.39;-0.23;-2.41
6/16/2015;3.54;-0.46;1.73;2.77;-2.47
6/17/2015;-1.77;-0.14;-0.27;-1.20;-1.00
6/18/2015;2.48;1.77;0.59;1.90;3.21
6/19/2015;-1.12;-0.79;0.53;-2.01;0.12
6/22/2015;0.29;0.22;0.37;0.23;-2.88
6/23/2015;0.99;1.29;0.05;-1.74;0.89
6/24/2015;0.34;-1.21;-0.16;1.77;-0.06
6/25/2015;-1.72;0.10;-0.05;-4.55;-3.23
6/26/2015;0.87;1.46;1.27;4.84;1.22
6/29/2015;-1.27;-0.28;-0.93;-3.48;-2.70
6/30/2015;0.03;3.67;0.53;-0.31;-4.12
7/1/2015;0.57;1.94;0.00;-4.17;-1.03
7/2/2015;1.34;0.99;-0.11;0.99;0.26
7/3/2015;-1.01;-0.64;0.52;-4.63;-1.48
7/6/2015;-1.71;-0.60;0.11;-2.13;-1.71
7/7/2015;0.38;-0.36;0.26;2.61;1.21
7/8/2015;-1.15;-1.82;-0.58;-1.95;-4.03
7/10/2015;3.03;1.49;1.88;2.08;-0.89
7/13/2015;0.92;-1.78;0.36;0.25;6.59
7/14/2015;0.07;1.93;0.21;1.52;-3.26
7/15/2015;-1.73;0.99;0.41;-1.67;-2.42
7/16/2015;0.29;0.56;0.00;1.02;2.28
7/17/2015;-0.60;0.93;0.15;-4.36;-1.55
7/20/2015;-0.61;0.09;-0.20;-5.35;-1.24
7/21/2015;-0.84;0.77;-0.40;-0.19;1.46
7/22/2015;-1.56;0.35;-0.51;-3.81;-2.80
7/23/2015;-4.16;-3.31;-1.08;-1.83;0.98
7/24/2015;-0.45;-0.95;-1.30;-1.28;-2.30
7/27/2015;-0.21;-1.16;-1.63;-5.28;-0.21
7/28/2015;1.84;1.75;0.32;4.84;6.14
7/29/2015;0.98;1.76;-0.21;7.52;1.68
7/30/2015;-1.25;-3.18;0.86;-2.33;-4.63
7/31/2015;2.80;0.30;2.91;0.29;1.67
8/3/2015;-0.48;0.43;0.36;-4.57;-1.84
8/4/2015;-2.41;-0.41;1.02;1.60;2.98
8/5/2015;-0.17;0.57;1.12;-1.67;3.92
8/6/2015;-0.38;-4.00;-0.45;3.10;1.82
8/7/2015;-2.92;-1.73;-1.71;-6.10;-4.85
8/10/2015;1.31;2.55;0.26;2.68;3.62
8/11/2015;-0.21;-1.62;-0.10;-1.21;-5.11
8/12/2015;-2.88;-1.10;-3.63;0.51;1.64
8/13/2015;-2.32;-0.20;-0.48;-3.74;-1.88
8/14/2015;-0.11;-2.20;-0.74;-2.21;-1.91
8/17/2015;-1.05;1.44;-0.33;-1.94;-0.77
8/18/2015;1.67;0.37;1.24;-1.32;-2.67
8/19/2015;-2.05;-2.07;-3.09;-2.33;-2.67
8/20/2015;0.23;-0.67;1.27;-0.68;2.45
8/21/2015;0.23;-1.57;-1.63;-4.93;-2.61
8/24/2015;-1.97;-2.16;-0.94;-6.51;-7.95
8/25/2015;-0.27;-0.18;2.45;1.80;-0.89
8/26/2015;6.04;1.63;2.44;2.66;2.93
8/27/2015;3.55;2.15;1.33;9.62;8.63
8/28/2015;-2.86;-1.95;0.52;1.24;-0.07
8/31/2015;-3.56;-2.09;-0.58;2.11;3.21
9/1/2015;-2.32;-1.96;-1.99;-6.53;-2.61
9/2/2015;2.35;-0.67;2.29;2.68;5.80
9/3/2015;3.81;1.20;2.56;-0.68;4.25
9/4/2015;-4.07;-2.03;1.12;-2.85;-3.10
9/8/2015;1.10;-1.24;-1.21;1.53;4.28
9/9/2015;1.12;1.45;-1.29;-2.89;0.00
9/10/2015;-2.00;-1.81;-0.21;-5.01;4.16
9/11/2015;0.19;1.56;-1.62;-3.89;-2.06
9/14/2015;4.03;2.23;0.00;0.78;-1.98
9/15/2015;2.46;-0.05;1.06;-0.91;-3.59
9/16/2015;2.55;2.21;2.05;6.41;2.23
9/17/2015;0.00;-0.70;0.21;-3.44;3.23
9/18/2015;-3.93;-1.68;-0.11;-3.31;1.02
9/21/2015;-2.23;0.24;-0.72;-3.95;-0.57
9/22/2015;0.96;-1.30;0.36;-4.52;-2.23
9/23/2015;-3.96;-0.40;-1.18;-2.15;-2.80
9/24/2015;1.14;-2.14;-0.26;2.05;-1.07
9/25/2015;-2.44;-0.44;0.94;-2.01;-3.53
9/28/2015;-0.08;-3.48;-0.11;-5.57;-7.37
9/29/2015;-0.42;4.87;0.41;2.33;0.23
9/30/2015;2.28;0.77;0.31;9.86;0.76
10/1/2015;1.45;0.11;1.44;-3.04;4.50
10/2/2015;4.06;5.58;1.83;10.68;3.88
10/5/2015;2.11;-0.90;1.45;0.64;1.59
10/6/2015;0.91;1.01;-2.26;4.73;1.56
10/7/2015;2.85;0.08;0.55;3.42;6.24
10/8/2015;0.37;0.56;-1.60;3.31;0.57
10/9/2015;-0.67;1.08;0.56;0.57;2.01
10/13/2015;-5.35;-3.83;-5.51;-7.61;-7.87
10/14/2015;-0.93;-2.50;-1.60;-2.09;1.33
10/15/2015;-1.66;2.49;3.86;0.50;1.65
10/16/2015;-1.50;2.45;0.94;-0.62;0.89
10/19/2015;2.38;0.95;0.93;0.00;-3.55
10/20/2015;-2.04;-2.43;0.56;1.26;-2.05
10/21/2015;-0.74;0.19;0.62;-3.73;2.72
10/22/2015;2.10;2.50;-0.20;3.48;0.61
10/23/2015;-0.66;-1.47;0.56;-0.37;1.01
10/26/2015;-1.48;1.24;-0.46;-1.75;-4.21
10/27/2015;-0.56;0.92;0.66;-3.18;-2.58
10/28/2015;0.68;-3.56;-1.92;1.32;-3.00
10/29/2015;-2.73;-2.23;-2.21;-1.17;-1.70
10/30/2015;1.81;-1.85;0.48;1.31;5.25
11/3/2015;6.45;3.20;2.67;9.99;2.64
11/4/2015;0.25;-1.54;0.00;-4.72;-2.22
11/5/2015;1.20;2.02;-0.72;0.37;-1.64
11/6/2015;-1.51;-1.29;-2.52;-3.58;-5.70
11/9/2015;-2.56;-2.24;-1.43;-2.30;-1.23
11/10/2015;0.62;1.06;-0.27;-0.39;-1.32
11/11/2015;2.72;-0.97;2.20;1.45;-0.24
11/12/2015;0.28;0.85;-0.89;-1.81;-1.03
11/13/2015;-2.78;-0.05;1.11;-4.09;1.52
11/16/2015;2.82;0.00;-0.26;5.91;-2.04
11/17/2015;0.71;1.35;0.37;0.78;-3.44
11/18/2015;-0.25;-1.71;0.26;0.77;-0.91
11/19/2015;2.73;2.42;0.94;0.26;1.51
11/23/2015;-0.03;1.27;-1.50;3.06;-2.56
11/24/2015;0.14;-0.71;-0.63;5.20;1.69
11/25/2015;-4.91;-2.06;-1.80;-7.06;-2.75
11/26/2015;1.47;1.64;1.13;0.25;0.52
11/27/2015;-2.65;-2.31;-1.28;-4.04;-5.78
11/30/2015;0.80;-4.75;0.38;0.92;-4.06
12/1/2015;0.78;-1.02;0.49;-2.35;-2.44
12/2/2015;-3.18;-0.40;-1.55;0.40;0.19
12/3/2015;6.35;5.46;1.68;6.12;-1.15
12/4/2015;-2.22;-1.65;-1.12;-5.76;-2.73
12/7/2015;-0.75;0.28;0.32;-4.39;-1.50
12/8/2015;-1.14;-0.75;-2.47;-0.83;-5.28
12/9/2015;5.43;4.96;1.87;7.29;3.53
12/10/2015;-0.49;-2.94;-0.97;-2.61;3.84
12/11/2015;0.00;-0.47;-0.11;-2.68;-4.29
12/14/2015;-2.36;-0.91;-1.26;-0.55;2.92
12/15/2015;0.64;-1.11;-1.10;2.91;4.15
12/16/2015;-0.67;0.96;1.62;-1.75;1.95
12/17/2015;1.71;0.67;0.05;-1.23;-2.39
12/18/2015;-5.81;-3.66;-1.93;-2.50;1.86
12/21/2015;-1.86;-2.19;1.13;-5.41;-6.53
12/22/2015;0.65;-1.32;0.56;2.26;3.18
12/23/2015;-0.38;2.59;1.39;2.06;4.69
12/28/2015;-0.38;-0.29;-0.33;-3.32;-4.09
12/29/2015;0.08;-0.64;0.33;-0.15;0.30
12/30/2015;-0.35;-1.50;-1.92;0.15;1.28
1/4/2016;-4.50;-4.10;-3.59;2.54;-2.44
1/5/2016;0.84;4.78;1.57;-2.77;-1.00
1/6/2016;-0.39;1.54;-0.97;-4.19;-7.58
1/7/2016;-1.90;0.38;-2.66;-2.19;-5.90
1/8/2016;0.04;1.75;1.31;0.16;-4.77
1/11/2016;-1.17;-4.72;-1.58;-2.87;-3.40
1/12/2016;0.45;0.36;1.07;-9.20;-8.34
1/13/2016;-1.55;-1.88;-0.88;-4.70;-3.03
1/14/2016;1.45;-0.73;0.11;7.97;6.82
1/15/2016;-2.61;0.49;-1.54;-9.14;-3.06
1/18/2016;-1.17;-0.37;-2.11;-7.16;-4.66
1/19/2016;-1.02;-0.43;3.14;-2.92;1.29
1/20/2016;-1.41;-0.03;-1.26;-4.94;-1.27
1/21/2016;0.21;0.03;-1.33;1.58;-1.30
1/22/2016;0.95;-0.15;3.24;-2.00;-1.90
1/26/2016;1.07;-2.16;-0.06;-4.76;1.35
1/27/2016;0.38;2.20;5.82;8.81;5.27
1/28/2016;0.67;0.37;0.39;0.66;-1.25
1/29/2016;4.66;3.99;4.30;5.22;2.12
2/1/2016;2.15;-1.54;-0.70;-2.48;0.14
2/2/2016;-8.72;-6.44;-2.28;-8.90;-9.38
2/3/2016;4.13;3.30;0.67;4.42;5.93
2/4/2016;1.45;2.54;1.44;5.35;11.35
2/5/2016;0.97;-5.99;-1.20;-4.02;0.52
2/10/2016;0.48;-1.80;-1.10;-5.07;-0.78
2/11/2016;-2.97;-7.90;-0.50;-1.86;-4.14
2/12/2016;0.78;4.09;0.39;5.20;2.02
2/15/2016;-0.33;1.71;0.00;1.57;3.05
2/16/2016;2.43;0.47;0.28;-1.77;6.03
2/17/2016;1.08;-0.13;1.61;5.41;4.00
2/18/2016;-2.03;2.51;0.77;-1.92;-2.80
2/19/2016;1.17;3.69;-0.43;-2.83;4.08
2/22/2016;4.04;1.01;1.47;13.00;8.16
2/23/2016;-1.43;-2.22;-1.78;-2.38;-4.26
2/24/2016;-0.84;-1.24;-0.44;-1.02;-4.44
2/25/2016;0.08;-0.65;-2.59;0.41;-5.23
2/26/2016;0.00;-0.88;-0.45;-0.41;-0.86
2/29/2016;2.83;1.74;0.05;5.54;5.94
3/1/2016;4.71;3.83;3.46;3.31;7.95
3/2/2016;2.33;2.73;-0.60;6.40;8.12
3/3/2016;9.89;4.54;1.66;16.28;9.71
3/4/2016;4.89;2.77;3.63;9.89;6.93
3/7/2016;-0.45;-1.52;0.31;2.08;9.05
3/8/2016;2.24;1.42;-0.63;1.36;-12.05
3/9/2016;-3.32;-1.66;-2.10;1.74;-3.21
3/10/2016;3.93;2.18;-0.10;4.61;-6.89
3/11/2016;0.84;-5.33;-2.21;1.76;0.20
3/14/2016;-0.46;-0.69;-0.98;-8.53;-4.43
3/15/2016;-4.44;-0.15;1.44;-10.68;-0.10
3/16/2016;-2.96;0.96;-0.06;9.38;8.87
3/17/2016;10.92;4.71;2.41;12.03;3.70
3/18/2016;0.28;0.48;-1.66;0.25;3.01
3/21/2016;0.03;-0.48;1.68;-0.74;-0.62
3/22/2016;-2.56;0.29;0.05;0.62;0.89
3/23/2016;-3.18;-2.64;1.39;-4.07;-7.08
3/24/2016;-1.05;-2.25;0.00;0.39;8.28
3/28/2016;2.49;4.24;1.58;8.07;0.18
3/29/2016;0.60;1.83;0.20;0.59;-0.70
3/30/2016;0.56;0.87;-0.98;-0.59;3.54
3/31/2016;-2.86;-2.51;-1.72;-1.07;-2.82
4/1/2016;0.69;3.55;0.21;0.12;4.30
4/4/2016;-3.50;-0.91;-1.48;-9.33;-4.71
4/5/2016;0.19;1.34;1.13;3.30;3.27
4/6/2016;-2.86;-1.76;-1.11;-3.19;-2.40
4/7/2016;1.08;1.29;-0.06;1.58;-1.32
4/8/2016;6.30;5.31;0.00;7.27;8.36
4/11/2016;0.50;-2.36;-1.99;1.57;5.00
4/12/2016;4.52;2.58;0.93;7.63;10.94
4/13/2016;1.23;5.13;0.11;5.32;4.23
4/14/2016;-2.91;-0.30;1.90;-3.68;-6.76
4/15/2016;0.64;-1.14;1.34;5.79;3.55
4/18/2016;-0.73;-0.15;-0.16;-4.64;1.96
4/19/2016;0.55;0.31;1.06;4.11;8.72
4/20/2016;-1.86;-1.76;0.21;-1.46;5.31
4/22/2016;-1.83;1.33;-0.21;2.85;-8.21
4/25/2016;-0.88;-3.20;-0.16;-4.31;-7.51
4/26/2016;3.47;3.02;0.57;3.64;4.59
4/27/2016;3.42;2.87;0.62;6.00;3.10
4/28/2016;-0.68;1.04;0.52;-0.20;1.84
4/29/2016;-1.50;-1.61;-0.36;0.00;1.22
5/2/2016;-2.75;0.24;0.62;-0.59;-0.69
5/3/2016;-5.76;4.02;0.41;-3.83;-6.52
5/4/2016;2.46;-0.60;0.05;1.43;-5.34
5/5/2016;-1.49;0.08;-2.35;-1.11;-4.05
5/6/2016;0.03;-1.67;-1.57;2.75;1.88
5/9/2016;0.63;-1.08;0.27;-5.95;-8.65
5/10/2016;6.27;2.04;1.06;7.70;6.32
5/11/2016;-0.62;0.35;-1.21;0.39;-0.84
5/12/2016;0.99;2.74;1.70;-4.49;-1.99
5/13/2016;-3.77;-2.64;-2.19;-3.37;-5.41
5/16/2016;-1.53;0.67;0.05;3.07;-0.16
5/17/2016;-2.14;-3.33;-1.11;-2.56;2.90
5/18/2016;1.55;-3.03;-0.86;-1.89;-3.47
5/19/2016;-0.84;-0.67;1.08;-3.86;-1.00
5/20/2016;-1.28;-2.96;-0.32;-0.67;-3.80
5/23/2016;0.33;-0.28;-0.54;-4.49;0.88
5/24/2016;-0.10;0.51;1.35;0.35;-1.30
5/25/2016;-0.46;0.67;1.55;1.64;2.47
5/27/2016;-1.00;-0.38;1.69;-5.07;-2.06
5/30/2016;-0.03;-1.10;-0.78;1.82;-0.18
5/31/2016;-2.19;1.44;-0.21;-4.06;-1.14
6/1/2016;1.50;0.79;1.20;1.74;0.89
6/2/2016;1.12;0.78;-0.31;2.69;3.34
6/3/2016;0.27;1.55;1.14;2.02;7.68
6/6/2016;-0.97;0.21;-0.41;-1.28;3.10
6/7/2016;1.62;0.55;-1.70;1.89;-0.15
6/8/2016;1.53;1.76;0.94;8.93;1.23
6/9/2016;-0.23;-1.43;-0.57;-2.24;-4.94
6/10/2016;-5.12;-1.72;-2.30;-4.36;-4.80
6/13/2016;0.45;-0.49;1.02;-1.82;1.77
6/14/2016;-1.45;-0.19;-1.80;-3.71;-2.48
6/15/2016;-0.49;1.36;-0.49;2.53;3.22
6/16/2016;1.83;1.83;1.03;-0.12;-0.09
6/17/2016;-0.24;-0.57;-0.32;5.29;0.66
6/20/2016;1.66;0.45;-0.11;2.57;1.63
6/21/2016;-0.03;2.91;-0.05;3.81;-0.16
6/22/2016;-1.74;-3.03;-1.40;-1.99;2.49
6/23/2016;3.88;1.47;1.04;3.53;5.10
6/24/2016;-3.50;-0.71;-0.17;-4.34;-8.96
6/27/2016;-3.35;-1.23;1.25;-5.08;-1.72
6/28/2016;3.50;0.06;0.22;4.78;4.75
6/29/2016;2.25;2.27;1.44;3.26;2.46
6/30/2016;2.33;0.03;0.16;-0.84;1.25
7/1/2016;2.06;0.15;0.89;4.25;1.61
7/4/2016;-0.06;-0.32;-0.83;0.51;2.04
7/5/2016;-0.71;0.38;1.20;-5.88;-4.52
7/6/2016;0.39;-0.68;-0.57;2.26;2.25
7/7/2016;1.01;2.49;-0.42;0.63;-3.11
7/8/2016;2.70;1.33;1.57;2.93;1.87
7/11/2016;0.97;1.86;0.00;5.28;3.69
7/12/2016;-0.84;-0.14;0.15;2.80;3.48
7/13/2016;2.06;-1.18;-1.03;-0.19;1.43
7/14/2016;2.85;0.49;0.00;2.82;-2.47
7/15/2016;-0.33;1.39;-0.79;0.82;-0.58
7/18/2016;1.70;-0.20;0.58;4.81;2.48
7/19/2016;-0.59;2.74;0.58;1.99;-2.84
7/20/2016;1.57;-0.68;-0.26;0.34;-0.37
7/21/2016;-1.34;-0.96;0.42;0.25;3.00
7/22/2016;0.62;0.77;0.99;0.76;-0.71
7/25/2016;-0.76;-0.36;0.00;0.75;0.36
7/26/2016;-1.27;-0.58;-0.21;-1.25;4.29
7/27/2016;0.39;-0.66;-0.16;-3.11;3.36
7/28/2016;-1.10;0.89;0.62;-0.61;-0.79
7/29/2016;1.84;1.60;-3.29;3.76;0.33
8/1/2016;-1.02;1.58;1.07;-5.22;-3.07
8/2/2016;1.19;-5.65;-0.84;0.98;0.76
8/3/2016;4.17;-0.20;-1.06;4.75;5.52
8/4/2016;0.57;1.36;0.43;0.92;0.07
8/5/2016;-0.59;0.45;2.03;-3.00;0.90
8/8/2016;-0.66;-1.65;0.78;2.23;0.77
8/9/2016;0.20;0.00;0.05;-0.25;1.59
8/10/2016;-0.83;-0.57;-0.47;-2.69;-3.69
8/11/2016;2.56;1.94;1.72;4.67;2.27
8/12/2016;0.76;-1.48;1.18;-0.83;-1.97
8/15/2016;2.19;-0.09;1.06;2.58;3.11
8/16/2016;-0.41;-1.00;0.30;1.46;1.13
8/17/2016;1.33;0.92;0.25;2.16;0.12
8/18/2016;-0.19;-0.97;-0.65;0.94;-0.99
8/19/2016;-0.65;-2.39;-0.35;-0.70;1.31
8/22/2016;-1.93;0.00;-1.31;-3.44;-3.71
8/23/2016;-0.17;-0.06;-0.05;2.59;1.55
8/24/2016;-0.48;0.56;0.00;-2.13;-3.23
8/25/2016;-0.31;-0.70;-1.38;1.05;0.72
8/26/2016;1.22;-2.51;-0.62;0.16;-2.21
8/29/2016;1.76;1.57;0.26;2.55;2.39
8/30/2016;0.66;0.00;0.00;1.71;-2.01
8/31/2016;-2.05;0.21;-0.26;-1.83;-4.30
9/1/2016;0.99;-1.70;2.50;1.17;2.97
9/2/2016;1.46;0.24;0.86;4.38;3.96
9/5/2016;0.03;-1.06;0.20;1.92;-2.39
9/6/2016;0.95;0.76;0.60;1.08;2.12
9/8/2016;-1.18;-0.27;0.00;1.72;-1.48
9/9/2016;-3.80;-2.00;-1.25;-4.99;-4.74
9/12/2016;1.31;1.18;0.00;3.26;2.49
9/13/2016;-1.99;-2.08;-1.67;-6.74;-6.94
9/14/2016;0.09;2.03;1.24;0.77;2.25
9/15/2016;2.17;1.01;0.35;3.05;0.14
9/16/2016;-2.26;0.40;-1.52;-2.59;-1.41
9/19/2016;0.71;0.64;0.10;-0.84;2.15
9/20/2016;0.23;1.30;0.21;3.45;0.77
9/21/2016;0.96;-2.42;-0.16;1.19;6.33
9/22/2016;1.60;-0.06;1.08;2.49;-0.20
9/23/2016;-0.25;-0.76;0.31;-2.21;0.59
9/26/2016;-0.77;-1.08;-0.56;-2.12;-0.98
9/27/2016;1.14;0.47;0.41;-2.09;0.46
9/28/2016;0.72;1.43;0.76;5.56;3.61
9/29/2016;-2.55;-0.64;-0.65;-3.03;-1.58
9/30/2016;-0.19;0.34;0.50;1.04;-0.96
10/3/2016;2.38;3.08;-0.35;2.95;2.53
10/4/2016;0.88;-0.09;-1.06;0.36;-1.52
10/5/2016;1.96;-0.81;0.25;3.99;1.09
10/6/2016;0.83;-1.23;0.31;3.57;-0.51
10/7/2016;0.93;0.76;0.00;1.06;2.50
10/10/2016;0.13;2.06;0.16;3.08;5.99
10/11/2016;-0.34;-2.04;-1.17;-2.16;-1.77
10/13/2016;1.13;0.39;-1.13;2.40;-2.82
10/14/2016;1.90;-3.53;1.56;3.17;1.85
10/17/2016;2.20;-0.28;0.16;3.94;2.36
10/18/2016;1.39;2.57;0.46;3.08;2.61
10/19/2016;-1.63;-0.15;0.16;1.15;-1.10
10/20/2016;0.30;0.98;-0.16;0.68;4.43
10/21/2016;-0.17;-0.15;0.51;1.18;4.02
10/24/2016;-0.85;-0.30;-0.25;1.39;2.84
10/25/2016;-0.53;-0.15;-0.87;-1.10;6.52
10/26/2016;0.61;-0.67;0.05;0.56;1.86
10/27/2016;2.14;0.37;-0.21;-0.06;-0.39
10/28/2016;0.84;-0.52;-2.05;0.00;0.29
10/31/2016;3.48;-0.40;-1.41;-2.21;-0.72
11/1/2016;-2.96;0.25;-1.83;-4.69;0.68
11/3/2016;-2.15;-0.68;-2.34;-4.33;-1.54
11/4/2016;0.82;-0.96;-1.00;-0.87;0.24
11/7/2016;3.59;1.35;1.52;7.63;8.24
11/8/2016;0.24;1.02;0.39;-0.99;1.80
11/9/2016;-3.20;-3.15;-0.72;-2.29;1.86
11/10/2016;-4.98;-3.91;0.67;-6.91;8.21
11/11/2016;-1.28;-2.00;-3.32;-9.61;-5.18
11/14/2016;-0.60;-0.07;-0.86;-0.07;4.70
11/16/2016;4.94;1.14;3.06;5.29;-7.37
11/17/2016;-2.99;-1.62;-1.18;-3.05;-1.66
11/18/2016;0.94;-1.82;-1.70;1.61;-1.42
11/21/2016;0.82;-1.10;0.75;7.30;5.54
11/22/2016;0.33;4.17;-1.61;2.25;6.15
11/23/2016;-0.92;1.20;2.74;-0.50;1.29
11/24/2016;-1.04;-1.22;-1.65;-1.70;-1.79
11/25/2016;-0.68;-0.30;-0.69;-1.80;4.53
11/28/2016;2.12;0.67;1.86;1.05;6.34
11/29/2016;-2.42;-1.23;-2.79;-5.17;-4.18
11/30/2016;1.96;-0.03;0.53;9.14;-3.04
12/1/2016;-4.54;-2.76;-3.03;-3.50;-0.98
12/2/2016;0.41;-1.04;0.48;2.53;5.08
12/5/2016;-0.35;-0.49;-1.50;-1.07;0.80
12/6/2016;1.33;-0.42;1.76;3.13;1.43
12/7/2016;-0.79;3.17;-0.66;-1.80;3.11
12/8/2016;-0.59;-2.64;-1.08;-1.01;-3.98
12/9/2016;0.30;-1.76;1.09;-0.76;-0.67
12/12/2016;-4.13;-3.65;-3.19;0.13;-1.20
12/13/2016;0.46;-1.04;1.12;-0.96;-4.12
12/14/2016;-0.22;-2.40;-0.80;-4.60;-2.19
12/15/2016;-0.40;-5.92;0.99;0.75;1.79
12/16/2016;-1.79;8.17;2.20;-0.61;-2.84
12/19/2016;-2.70;-2.23;-2.28;-2.71;-6.33
12/20/2016;2.55;4.98;0.62;-0.07;1.53
12/21/2016;-0.03;3.35;-0.37;-0.07;-0.73
12/22/2016;0.82;0.36;-1.86;-2.30;-5.18
12/23/2016;2.82;-0.89;1.14;1.64;2.25
12/26/2016;0.80;0.18;1.12;1.26;2.47
12/27/2016;-0.06;-2.14;-0.43;-0.07;1.22
12/28/2016;2.35;0.58;0.75;2.57;3.03
12/29/2016;1.11;1.20;1.05;0.61;-1.93
1/2/2017;-0.90;-2.30;-0.55;-1.41;-2.10
1/3/2017;4.24;2.79;2.02;5.73;5.51
1/4/2017;0.43;-1.04;-0.78;0.00;-1.91
1/5/2017;1.37;-1.09;0.55;1.61;4.73
1/6/2017;0.34;0.22;-0.85;-0.57;-2.67
1/9/2017;0.47;0.47;0.43;-2.11;2.12
1/10/2017;-0.33;-3.35;-1.15;0.98;6.30
1/11/2017;0.19;-1.50;0.43;1.16;2.83
1/12/2017;2.54;-1.56;3.17;1.53;2.12
1/13/2017;-2.04;0.81;1.07;-1.38;2.40
1/16/2017;0.08;-0.27;-0.35;0.45;3.27
1/17/2017;2.69;-1.74;0.88;0.44;-1.96
1/18/2017;-0.78;-1.22;0.35;-0.19;3.33
1/19/2017;-0.55;0.24;0.23;-0.13;-2.55
1/20/2017;0.30;-2.65;0.29;1.46;4.74
1/23/2017;3.36;1.26;-0.06;-0.06;4.82
1/24/2017;-0.24;4.27;0.17;0.31;2.79
1/26/2017;1.35;4.05;0.06;-1.50;-1.54
1/27/2017;-0.52;2.48;0.06;-1.14;0.69
1/30/2017;-2.13;-3.29;-2.02;-4.99;-5.17
1/31/2017;0.00;-0.86;1.36;1.21;0.36
2/1/2017;1.06;-0.53;0.70;0.00;2.75
2/2/2017;-0.29;1.14;-0.93;-0.87;-2.29
2/3/2017;2.08;1.20;1.11;3.02;-5.41
2/6/2017;-0.73;-0.22;-1.62;-2.48;-1.41
2/7/2017;1.95;2.23;-0.29;-1.74;1.22
2/8/2017;2.58;1.53;-0.36;2.72;0.90
2/9/2017;0.45;0.25;-0.41;-0.33;0.34
2/10/2017;0.33;-1.36;1.48;3.52;6.55
2/13/2017;-0.48;1.38;0.64;0.26;6.79
2/14/2017;0.33;-0.93;0.76;1.28;-3.36
2/15/2017;4.20;3.68;3.68;0.13;-0.99
2/16/2017;-1.94;1.11;-0.28;0.13;-0.19
2/17/2017;-0.05;-0.96;-0.39;-1.58;1.26
2/20/2017;0.46;-1.39;-0.33;1.99;6.17
2/21/2017;1.45;1.48;1.29;1.07;-1.49
2/22/2017;0.29;-1.35;1.16;-2.42;-2.10
2/23/2017;-1.51;-2.11;-0.82;-0.89;-4.15
2/24/2017;-0.79;-1.97;-1.60;-2.44;-0.44
3/1/2017;-0.16;1.28;0.39;2.24;1.14
3/2/2017;-1.03;-1.01;-3.91;-2.64;-4.84
3/3/2017;1.82;3.66;1.04;1.39;0.00
3/6/2017;-0.40;-2.37;-0.81;-1.44;-3.10
3/7/2017;-1.67;-2.06;-2.49;0.53;0.20
3/8/2017;-1.14;-0.04;1.78;-4.15;-2.72
3/9/2017;0.31;0.18;1.05;-0.34;0.70
3/10/2017;0.05;-0.55;0.00;-1.31;-2.29
3/13/2017;1.82;-0.70;0.35;0.42;4.01
3/14/2017;-0.98;-1.16;-1.50;-5.43;1.06
3/15/2017;0.96;2.75;1.17;4.49;6.92
3/16/2017;-1.28;-0.05;-0.11;-3.45;-2.65
3/17/2017;-2.87;0.82;-0.40;-4.01;-3.05
3/20/2017;1.10;-0.85;2.50;3.34;1.00
3/21/2017;-2.15;-1.26;-1.25;-4.41;-8.48
3/22/2017;0.82;-0.41;-0.63;5.08;1.23
3/23/2017;-0.55;2.18;0.75;-0.66;-1.00
3/24/2017;1.08;1.95;1.09;-0.66;-1.48
3/27/2017;0.73;1.16;0.91;2.15;2.49
3/28/2017;-0.34;0.43;0.84;1.31;1.93
3/29/2017;1.48;-0.11;1.34;3.58;0.87
3/30/2017;-1.18;-0.21;0.49;0.00;-0.80
3/31/2017;-1.66;0.92;-0.16;0.28;-1.12
4/3/2017;1.68;2.79;-1.31;1.24;-0.81
4/4/2017;0.52;3.37;0.61;1.23;3.54
4/5/2017;-1.83;-2.89;-1.27;-1.89;-3.69
4/6/2017;-0.79;-2.47;0.56;-0.27;-2.15
4/7/2017;0.77;1.75;0.39;1.17;0.99
4/10/2017;-0.18;-0.24;-0.27;1.63;0.08
4/11/2017;-0.19;-0.76;-2.11;-1.74;-1.27
4/12/2017;-0.13;1.60;0.28;-0.20;-4.41
4/13/2017;-1.83;0.12;0.51;-3.89;0.96
4/17/2017;4.47;0.74;1.69;1.42;0.49
4/18/2017;-0.36;0.98;0.55;-1.26;-3.86
4/19/2017;-0.88;-0.20;-0.33;-3.55;-0.12
4/20/2017;-1.46;0.16;-0.66;2.06;5.87
4/24/2017;1.94;0.77;0.28;1.08;1.33
4/25/2017;0.65;-0.60;1.61;2.21;3.80
4/26/2017;0.18;-1.70;-0.60;-2.37;-1.98
4/27/2017;0.56;-0.45;-0.06;-1.93;-4.33
4/28/2017;0.64;-0.62;0.33;1.75;2.58
5/2/2017;2.05;0.83;1.69;0.14;2.25
5/3/2017;-1.65;-5.55;-0.05;1.22;-5.36
5/4/2017;-3.27;0.96;2.53;-3.95;-3.82
5/5/2017;1.57;0.73;-0.68;4.49;2.05
5/8/2017;0.23;0.47;-0.05;-0.91;-0.80
5/9/2017;0.26;2.13;0.32;0.43;2.26
5/10/2017;0.49;1.59;1.27;4.17;0.08
5/11/2017;1.71;-0.78;1.77;0.61;-1.58
5/12/2017;0.96;-0.25;0.82;4.25;-1.28
5/15/2017;0.42;-1.58;0.25;1.49;2.15
5/16/2017;-0.12;-0.80;0.41;0.13;3.22
5/17/2017;-2.04;-2.17;-0.91;-0.57;-1.93
5/18/2017;-12.05;-4.78;-4.28;-15.76;0.39
5/19/2017;2.59;3.60;-0.96;3.57;0.63
5/22/2017;-1.97;-0.84;-0.27;-1.62;2.76
5/23/2017;1.58;1.96;1.73;0.67;0.64
5/24/2017;0.82;1.92;-0.16;3.34;-2.07
5/25/2017;-1.88;0.51;0.32;-1.43;0.58
5/26/2017;2.71;1.19;0.58;-0.44;0.57
5/29/2017;-0.50;-2.44;-0.79;-0.80;1.14
5/30/2017;0.31;1.77;-0.47;-1.55;1.54
5/31/2017;-1.06;-3.39;-0.43;-2.99;-4.62
6/1/2017;-1.14;-1.23;-0.86;-1.08;-1.51
6/2/2017;1.00;2.08;0.11;1.79;0.20
6/5/2017;-0.11;-0.95;1.83;1.00;-1.65
6/6/2017;1.61;-1.49;0.85;0.00;0.20
6/7/2017;1.64;-0.36;-1.21;-2.35;-0.32
6/8/2017;-1.04;2.33;-1.65;-0.23;2.08
6/9/2017;-1.58;-0.35;-2.26;0.08;0.78
6/12/2017;0.00;1.01;-0.17;0.39;-1.94
6/13/2017;1.23;0.96;1.72;0.31;-1.86
6/14/2017;0.89;0.90;-1.14;-2.47;-1.37
6/16/2017;-0.71;1.49;-2.20;-2.69;-0.37
6/19/2017;0.53;0.38;0.51;0.08;1.85
6/20/2017;-2.20;-0.59;1.12;-3.50;-2.87
6/21/2017;0.11;1.85;0.33;-1.85;3.49
6/22/2017;0.09;0.41;0.39;3.44;1.61
6/23/2017;-0.34;1.52;0.22;-0.91;0.28
6/26/2017;2.82;0.49;1.05;2.85;1.50
6/27/2017;-0.91;-0.72;0.11;-0.49;1.83
6/28/2017;-0.03;0.73;0.06;-1.06;2.02
6/29/2017;1.00;-0.04;-0.27;0.83;0.49
6/30/2017;0.65;-0.24;0.33;1.56;0.11
7/3/2017;0.94;-0.29;-0.16;-0.08;1.86
7/4/2017;-0.40;-0.69;-0.22;0.57;-0.15
7/5/2017;0.27;-0.29;-0.11;-1.77;-1.57
7/6/2017;-1.40;-0.57;-2.41;-0.33;0.30
7/7/2017;-0.96;0.16;1.35;-1.97;0.07
7/10/2017;0.80;0.37;1.61;0.42;2.18
7/11/2017;1.51;0.53;1.15;2.92;1.41
7/12/2017;1.08;2.01;0.70;4.95;0.21
7/13/2017;0.27;2.21;0.16;-0.54;-2.35
7/14/2017;0.21;0.98;0.38;1.40;1.39
7/17/2017;-0.96;0.35;0.48;-1.23;0.43
7/18/2017;0.11;0.19;-0.48;0.39;0.18
7/19/2017;-1.45;-0.19;0.37;2.24;0.14
7/20/2017;0.11;-0.12;-0.21;-0.98;-3.71
7/21/2017;0.03;0.23;0.16;-3.13;-0.96
7/24/2017;0.63;-0.27;0.05;1.50;2.51
7/25/2017;0.24;-0.39;0.32;2.64;4.67
7/26/2017;-0.46;-0.20;-0.26;-1.82;-2.51
7/27/2017;0.11;0.74;1.49;0.15;-0.47
7/28/2017;0.38;0.27;-0.05;1.00;2.05
7/31/2017;0.59;0.93;0.26;1.22;2.78
8/1/2017;3.20;-0.19;0.47;-1.28;-0.93
8/2/2017;1.04;-5.03;0.83;2.97;-0.03
8/3/2017;-0.23;-3.12;-0.72;-1.48;-1.04
8/4/2017;-0.26;-1.13;0.00;0.68;1.36
8/7/2017;1.58;0.00;0.47;1.12;4.35
8/8/2017;1.22;-0.42;0.21;-0.44;-1.29
8/9/2017;-0.63;-0.93;0.15;0.22;-1.64
8/10/2017;-1.26;-0.56;-0.10;-2.44;-0.72
8/11/2017;0.51;1.59;0.62;-1.82;-1.44
8/14/2017;1.81;1.10;0.98;1.00;1.46
8/15/2017;0.43;-1.30;0.36;0.54;-0.07
8/16/2017;0.20;-0.93;0.15;-0.15;2.06
8/17/2017;-0.80;-1.93;-0.10;-0.61;-1.41
8/18/2017;0.96;-0.65;-0.15;4.21;0.10
8/21/2017;-0.73;-0.22;-0.10;-1.91;0.65
8/22/2017;2.12;-0.66;0.05;3.37;0.34
8/23/2017;1.09;-0.88;0.46;-0.22;1.59
8/24/2017;0.83;0.22;-0.21;0.29;3.39
8/25/2017;-0.29;-0.27;0.25;0.58;-0.13
8/28/2017;-0.88;1.17;0.00;-0.07;1.51
8/29/2017;0.91;0.57;0.25;-0.14;0.06
8/30/2017;-0.53;-1.50;-0.10;-2.89;-0.25
8/31/2017;-1.27;0.18;-0.10;1.49;3.43
9/1/2017;2.09;-0.44;-0.50;2.71;1.54
9/4/2017;-0.51;-0.76;-0.15;1.07;0.54
9/5/2017;0.05;-0.23;0.45;1.69;-1.14
9/6/2017;2.68;1.31;1.56;4.23;0.91
9/8/2017;-0.12;-0.98;-0.15;-2.06;-4.01
9/11/2017;1.69;3.74;0.80;1.90;1.01
9/12/2017;-0.28;0.83;3.70;-0.80;0.75
9/13/2017;0.70;0.43;0.80;1.08;-1.85
9/14/2017;-0.23;0.09;0.05;0.07;-2.58
9/15/2017;1.87;0.13;1.27;0.00;3.49
9/18/2017;0.71;-1.53;-1.21;0.00;-1.68
9/19/2017;-0.36;-0.66;0.94;0.66;-0.60
9/20/2017;-1.05;-2.49;0.38;4.82;-2.11
9/21/2017;0.14;-1.55;-0.56;-1.26;-2.02
9/22/2017;0.35;-0.83;0.75;0.13;-1.93
9/25/2017;-0.99;-2.10;-0.09;0.96;-2.38
9/26/2017;0.19;3.29;-1.49;-1.77;1.04
9/27/2017;0.07;-1.71;-0.38;-1.61;1.69
9/28/2017;-0.53;1.03;-0.19;0.20;-1.01
9/29/2017;0.86;2.28;-0.10;-0.26;0.96
10/2/2017;0.17;-2.19;-1.62;0.65;-0.37
10/3/2017;3.43;0.56;3.48;3.77;1.94
10/4/2017;-0.89;1.20;-1.03;-2.00;0.03
10/5/2017;1.60;0.69;0.14;1.53;-0.70
10/6/2017;-1.17;-1.36;-0.76;-1.32;-0.54
10/9/2017;-1.19;-0.14;0.00;1.27;-2.33
10/10/2017;2.49;-0.65;2.33;1.89;-0.52
10/11/2017;-0.55;0.74;0.32;-0.68;-0.66
10/13/2017;-0.82;2.49;2.31;0.00;6.22
10/16/2017;-0.52;0.00;-0.95;0.25;0.66
10/17/2017;-0.16;-1.40;-0.78;0.06;-2.03
10/18/2017;0.18;0.41;0.14;0.19;-0.63
10/19/2017;-0.72;0.91;0.23;-0.06;3.02
10/20/2017;-0.20;1.21;-1.38;0.43;-0.03
10/23/2017;-0.93;-3.60;-1.07;-0.12;-1.11
10/24/2017;0.73;-1.71;0.10;1.91;3.86
10/25/2017;0.68;0.19;-0.61;1.27;-1.08
10/26/2017;-0.61;-1.97;-0.71;0.06;-2.57
10/27/2017;-0.61;0.10;-0.62;1.79;-0.53
10/30/2017;-1.28;-2.48;0.24;-1.47;-0.99
10/31/2017;-2.46;9.44;-0.29;-0.06;-0.54
11/1/2017;-1.68;2.91;-0.76;0.78;2.52
11/3/2017;1.41;3.82;-0.67;0.24;2.30
11/6/2017;0.45;0.96;-0.29;2.89;2.24
11/7/2017;-2.38;-3.40;-1.66;-5.34;-2.32
11/8/2017;3.65;-0.30;0.35;2.73;0.96
11/9/2017;-2.70;-0.65;-0.25;-1.36;-2.83
11/10/2017;0.14;-0.43;-0.05;0.00;-0.23
11/13/2017;0.51;-0.74;0.05;-0.48;1.08
11/14/2017;-1.92;-0.17;-0.10;-7.75;-2.89
11/16/2017;2.52;1.75;1.09;3.00;1.30
11/17/2017;1.38;0.91;0.59;1.33;0.99
11/21/2017;2.00;1.71;1.31;-0.75;3.79
11/22/2017;-0.97;-0.97;0.10;1.32;2.11
11/23/2017;-0.30;-1.15;-0.58;0.50;1.23
11/24/2017;-0.93;-1.03;-0.43;-0.56;1.55
